1,d
2,v
3,g
4,d
5,v
6,v
7,b
8,p
9,b
10,t
11,b
12,h
13,b
14,d
15,h
16,b
17,h
18,m
19,m
20,m
21,c
22,c
23,t
24,m
25,c
26,m
27,c
28,c
29,g
30,g
31,t
32,r
33,g
34,g
35,h
36,n
37,h
38,m
39,n
40,n
41,q
42,f
43,f
44,p
45,c
46,p
47,r
48,r
49,q
50,s
51,s
52,n
53,h
54,s
55,n
56,h
57,n
58,s
59,h
60,h
61,s
62,r
63,s
64,q
65,q
66,h
67,c
68,h
69,c
70,d
71,c
72,f
73,c
74,q
75,q
76,c
77,n
78,c
79,r
80,r
81,z
82,p
83,p
84,p
85,m
86,z
87,p
88,z
89,z
90,h
91,j
92,z
93,z
94,z
95,v
96,r
97,v
98,n
99,n
100,p
101,b
102,p
103,z
104,z
105,s
106,w
107,z
108,w
109,s
110,w
111,n
112,n
113,g
114,j
115,g
116,j
117,g
118,c
119,j
120,c
121,f
122,c
123,l
124,l
125,h
126,f
127,f
128,j
129,b
130,f
131,j
132,f
133,h
134,h
135,p
136,p
137,v
138,n
139,p
140,p
141,f
142,m
143,f
144,c
145,m
146,m
147,c
148,n
149,n
150,m
151,n
152,f
153,n
154,z
155,f
156,n
157,z
158,f
159,f
160,p
161,h
162,p
163,n
164,n
165,n
166,s
167,v
168,s
169,w
170,v
171,v
172,n
173,w
174,n
175,f
176,n
177,t
178,f
179,t
180,j
181,f
182,t
183,f
184,v
185,v
186,z
187,t
188,z
189,q
190,z
191,h
192,z
193,d
194,d
195,t
196,t
197,j
198,p
199,j
200,b
201,p
202,p
203,h
204,h
205,l
206,n
207,n
208,w
209,g
210,n
211,w
212,g
213,g
214,d
215,m
216,m
217,c
218,z
219,c
220,l
221,c
222,z
223,z
224,q
225,d
226,d
227,l
228,c
229,d
230,l
231,d
232,r
233,l
234,r
235,c
236,c
237,f
238,f
239,l
240,w
241,w
242,g
243,q
244,w
245,w
246,r
247,j
248,w
249,r
250,w
251,z
252,r
253,r
254,s
255,d
256,r
257,r
258,f
259,s
260,s
261,d
262,d
263,c
264,m
265,m
266,v
267,r
268,v
269,l
270,v
271,h
272,v
273,f
274,h
275,f
276,z
277,h
278,z
279,b
280,h
281,b
282,z
283,z
284,d
285,m
286,d
287,v
288,v
289,s
290,p
291,p
292,w
293,s
294,w
295,m
296,w
297,d
298,w
299,j
300,j
301,z
302,m
303,z
304,h
305,h
306,v
307,g
308,h
309,g
310,t
311,h
312,g
313,h
314,v
315,v
316,t
317,c
318,t
319,h
320,c
321,t
322,t
323,g
324,s
325,t
326,t
327,p
328,q
329,p
330,b
331,b
332,h
333,t
334,h
335,p
336,p
337,z
338,z
339,n
340,n
341,t
342,p
343,n
344,t
345,t
346,s
347,h
348,t
349,s
350,h
351,t
352,h
353,h
354,w
355,r
356,r
357,g
358,b
359,b
360,j
361,z
362,b
363,j
364,b
365,l
366,b
367,l
368,z
369,b
370,l
371,l
372,c
373,b
374,l
375,c
376,b
377,l
378,b
379,v
380,v
381,q
382,f
383,q
384,q
385,n
386,j
387,q
388,q
389,h
390,f
391,h
392,f
393,t
394,f
395,t
396,w
397,f
398,f
399,t
400,v
401,v
402,m
403,d
404,d
405,g
406,z
407,z
408,m
409,d
410,z
411,m
412,d
413,m
414,t
415,t
416,t
417,t
418,t
419,q
420,m
421,q
422,m
423,n
424,q
425,m
426,q
427,p
428,m
429,q
430,p
431,q
432,q
433,j
434,l
435,l
436,d
437,p
438,l
439,l
440,f
441,v
442,l
443,f
444,f
445,j
446,d
447,f
448,j
449,j
450,v
451,l
452,v
453,j
454,j
455,j
456,j
457,b
458,s
459,j
460,b
461,j
462,n
463,n
464,h
465,m
466,n
467,h
468,n
469,r
470,r
471,w
472,t
473,r
474,r
475,f
476,v
477,v
478,t
479,p
480,p
481,w
482,m
483,m
484,p
485,n
486,n
487,j
488,b
489,n
490,j
491,j
492,c
493,n
494,c
495,j
496,c
497,t
498,t
499,r
500,c
501,r
502,j
503,j
504,l
505,q
506,j
507,l
508,j
509,c
510,c
511,p
512,z
513,c
514,c
515,v
516,q
517,v
518,z
519,z
520,s
521,c
522,c
523,t
524,g
525,c
526,c
527,s
528,m
529,m
530,n
531,z
532,n
533,h
534,z
535,h
536,n
537,n
538,j
539,g
540,g
541,m
542,j
543,g
544,m
545,g
546,j
547,g
548,t
549,g
550,t
551,l
552,g
553,g
554,l
555,h
556,h
557,r
558,l
559,h
560,h
561,r
562,v
563,h
564,v
565,r
566,v
567,t
568,v
569,v
570,l
571,v
572,v
573,w
574,m
575,m
576,r
577,j
578,j
579,z
580,q
581,q
582,b
583,z
584,q
585,q
586,t
587,g
588,t
589,z
590,g
591,t
592,t
593,m
594,g
595,g
596,g
597,w
598,p
599,g
600,w
601,g
602,b
603,w
604,g
605,g
606,w
607,w
608,p
609,r
610,w
611,w
612,v
613,s
614,w
615,s
616,z
617,z
618,n
619,c
620,z
621,n
622,c
623,n
624,c
625,c
626,j
627,n
628,c
629,c
630,j
631,d
632,j
633,d
634,j
635,s
636,s
637,q
638,m
639,m
640,g
641,c
642,m
643,c
644,j
645,m
646,m
647,h
648,w
649,h
650,s
651,w
652,h
653,w
654,d
655,w
656,r
657,d
658,d
659,t
660,c
661,c
662,m
663,z
664,m
665,j
666,m
667,s
668,m
669,r
670,m
671,r
672,d
673,d
674,h
675,r
676,h
677,h
678,q
679,b
680,b
681,s
682,p
683,b
684,s
685,p
686,p
687,q
688,v
689,q
690,m
691,v
692,q
693,m
694,m
695,c
696,l
697,c
698,d
699,d
700,z
701,j
702,z
703,v
704,v
705,s
706,l
707,s
708,f
709,f
710,d
711,h
712,h
713,q
714,g
715,q
716,r
717,q
718,j
719,r
720,q
721,j
722,q
723,j
724,r
725,r
726,m
727,p
728,m
729,r
730,p
731,p
732,c
733,j
734,p
735,j
736,f
737,f
738,w
739,h
740,f
741,w
742,w
743,p
744,p
745,q
746,v
747,v
748,z
749,j
750,z
751,q
752,q
753,t
754,f
755,t
756,g
757,f
758,g
759,h
760,g
761,p
762,g
763,l
764,g
765,n
766,g
767,l
768,l
769,d
770,l
771,v
772,v
773,w
774,z
775,w
776,m
777,m
778,f
779,z
780,z
781,h
782,z
783,m
784,z
785,h
786,h
787,s
788,w
789,h
790,h
791,n
792,v
793,h
794,v
795,p
796,h
797,p
798,m
799,p
800,h
801,p
802,h
803,r
804,r
805,w
806,w
807,f
808,c
809,c
810,m
811,g
812,m
813,q
814,g
815,m
816,m
817,z
818,g
819,m
820,g
821,n
822,g
823,z
824,n
825,n
826,z
827,b
828,z
829,t
830,t
831,j
832,w
833,t
834,t
835,g
836,n
837,g
838,z
839,z
840,d
841,n
842,d
843,f
844,f
845,w
846,h
847,f
848,w
849,h
850,h
851,l
852,m
853,l
854,l
855,w
856,q
857,l
858,w
859,w
860,g
861,f
862,g
863,f
864,p
865,f
866,n
867,n
868,l
869,d
870,n
871,l
872,d
873,n
874,d
875,b
876,d
877,c
878,d
879,d
880,d
881,m
882,b
883,d
884,m
885,b
886,b
887,d
888,p
889,b
890,p
891,w
892,b
893,p
894,p
895,t
896,r
897,r
898,p
899,g
900,g
901,t
902,r
903,t
904,r
905,n
906,t
907,t
908,s
909,m
910,m
911,c
912,r
913,m
914,m
915,l
916,h
917,l
918,t
919,l
920,g
921,t
922,t
923,b
924,l
925,t
926,t
927,b
928,h
929,t
930,t
931,j
932,z
933,z
934,v
935,n
936,n
937,s
938,b
939,s
940,q
941,b
942,q
943,w
944,b
945,b
946,t
947,w
948,t
949,m
950,t
951,b
952,b
953,c
954,j
955,c
956,l
957,j
958,j
959,s
960,l
961,s
962,c
963,s
964,w
965,w
966,g
967,l
968,g
969,q
970,l
971,g
972,q
973,g
974,m
975,m
976,c
977,p
978,c
979,t
980,c
981,r
982,t
983,t
984,p
985,r
986,p
987,j
988,j
989,f
990,v
991,j
992,f
993,j
994,q
995,q
996,l
997,j
998,l
999,v
1000,j
1001,l
1002,j
1003,n
1004,n
1005,f
1006,h
1007,h
1008,f
1009,z
1010,h
1011,z
1012,m
1013,h
1014,m
1015,g
1016,h
1017,h
1018,j
1019,n
1020,h
1021,j
1022,j
1023,b
1024,p
1025,p
1026,m
1027,q
1028,q
1029,w
1030,l
1031,w
1032,s
1033,w
1034,w
1035,g
1036,b
1037,b
1038,z
1039,s
1040,z
1041,s
1042,p
1043,z
1044,s
1045,p
1046,p
1047,c
1048,s
1049,c
1050,v
1051,v
1052,n
1053,h
1054,n
1055,d
1056,h
1057,d
1058,w
1059,d
1060,m
1061,d
1062,r
1063,d
1064,s
1065,s
1066,q
1067,r
1068,q
1069,d
1070,q
1071,s
1072,d
1073,d
1074,n
1075,b
1076,n
1077,p
1078,p
1079,l
1080,q
1081,p
1082,p
1083,j
1084,b
1085,j
1086,d
1087,b
1088,d
1089,q
1090,d
1091,c
1092,c
1093,c
1094,f
1095,f
1096,s
1097,n
1098,n
1099,t
1100,z
1101,n
1102,t
1103,n
1104,m
1105,n
1106,l
1107,n
1108,b
1109,b
1110,r
1111,z
1112,z
1113,z
1114,v
1115,g
1116,v
1117,v
1118,q
1119,t
1120,t
1121,b
1122,b
1123,z
1124,p
1125,b
1126,z
1127,p
1128,z
1129,d
1130,p
1131,d
1132,v
1133,p
1134,p
1135,j
1136,m
1137,j
1138,p
1139,j
1140,b
1141,b
1142,d
1143,r
1144,b
1145,b
1146,g
1147,w
1148,g
1149,f
1150,f
1151,z
1152,p
1153,z
1154,z
1155,j
1156,d
1157,d
1158,m
1159,l
1160,d
1161,l
1162,w
1163,w
1164,j
1165,d
1166,w
1167,w
1168,s
1169,c
1170,w
1171,c
1172,f
1173,c
1174,c
1175,n
1176,z
1177,n
1178,m
1179,m
1180,f
1181,t
1182,t
1183,v
1184,v
1185,m
1186,p
1187,m
1188,v
1189,p
1190,m
1191,v
1192,m
1193,c
1194,v
1195,m
1196,m
1197,j
1198,m
1199,w
1200,j
1201,w
1202,b
1203,b
1204,w
1205,q
1206,w
1207,j
1208,j
1209,z
1210,q
1211,j
1212,z
1213,j
1214,b
1215,b
1216,j
1217,q
1218,b
1219,j
1220,q
1221,q
1222,q
1223,t
1224,h
1225,h
1226,s
1227,s
1228,s
1229,m
1230,r
1231,s
1232,s
1233,h
1234,v
1235,v
1236,p
1237,r
1238,v
1239,v
1240,w
1241,c
1242,c
1243,j
1244,l
1245,c
1246,c
1247,t
1248,w
1249,w
1250,m
1251,g
1252,w
1253,g
1254,p
1255,w
1256,g
1257,p
1258,g
1259,c
1260,p
1261,p
1262,t
1263,r
1264,p
1265,p
1266,j
1267,p
1268,p
1269,l
1270,t
1271,l
1272,h
1273,t
1274,h
1275,c
1276,t
1277,t
1278,t
1279,f
1280,p
1281,t
1282,p
1283,p
1284,w
1285,g
1286,p
1287,w
1288,p
1289,r
1290,p
1291,b
1292,b
1293,q
1294,z
1295,b
1296,z
1297,z
1298,n
1299,s
1300,s
1301,f
1302,c
1303,s
1304,f
1305,f
1306,b
1307,n
1308,n
1309,n
1310,d
1311,f
1312,f
1313,q
1314,m
1315,m
1316,q
1317,w
1318,m
1319,m
1320,p
1321,v
1322,v
1323,p
1324,v
1325,d
1326,p
1327,p
1328,j
1329,q
1330,q
1331,t
1332,t
1333,f
1334,p
1335,t
1336,t
1337,j
1338,c
1339,c
1340,b
1341,n
1342,b
1343,d
1344,d
1345,v
1346,t
1347,d
1348,v
1349,d
1350,d
1351,l
1352,s
1353,s
1354,t
1355,j
1356,t
1357,c
1358,c
1359,p
1360,h
1361,c
1362,h
1363,s
1364,s
1365,w
1366,b
1367,b
1368,r
1369,q
1370,q
1371,g
1372,t
1373,q
1374,g
1375,q
1376,p
1377,q
1378,j
1379,q
1380,n
1381,j
1382,j
1383,v
1384,c
1385,c
1386,w
1387,s
1388,c
1389,w
1390,s
1391,s
1392,j
1393,w
1394,j
1395,t
1396,t
1397,q
1398,v
1399,t
1400,v
1401,m
1402,t
1403,m
1404,j
1405,j
1406,g
1407,h
1408,g
1409,h
1410,c
1411,c
1412,p
1413,n
1414,p
1415,s
1416,p
1417,l
1418,s
1419,l
1420,m
1421,m
1422,f
1423,j
1424,f
1425,j
1426,t
1427,f
1428,f
1429,g
1430,t
1431,g
1432,r
1433,t
1434,r
1435,f
1436,t
1437,f
1438,h
1439,t
1440,t
1441,p
1442,s
1443,t
1444,t
1445,z
1446,z
1447,m
1448,h
1449,m
1450,l
1451,l
1452,w
1453,q
1454,w
1455,h
1456,h
1457,n
1458,f
1459,f
1460,d
1461,p
1462,f
1463,f
1464,w
1465,b
1466,w
1467,n
1468,n
1469,b
1470,r
1471,r
1472,f
1473,b
1474,r
1475,r
1476,n
1477,j
1478,r
1479,j
1480,l
1481,l
1482,j
1483,q
1484,q
1485,n
1486,j
1487,q
1488,n
1489,q
1490,q
1491,w
1492,l
1493,q
1494,q
1495,b
1496,b
1497,b
1498,t
1499,v
1500,v
1501,w
1502,g
1503,v
1504,g
1505,b
1506,g
1507,d
1508,d
1509,p
1510,w
1511,d
1512,w
1513,v
1514,d
1515,w
1516,v
1517,d
1518,v
1519,v
1520,w
1521,z
1522,v
1523,w
1524,w
1525,t
1526,z
1527,w
1528,t
1529,t
1530,p
1531,p
1532,n
1533,t
1534,t
1535,q
1536,c
1537,c
1538,j
1539,t
1540,j
1541,r
1542,t
1543,t
1544,q
1545,b
1546,b
1547,p
1548,r
1549,p
1550,s
1551,r
1552,p
1553,s
1554,s
1555,f
1556,j
1557,s
1558,f
1559,f
1560,m
1561,d
1562,f
1563,m
1564,f
1565,b
1566,m
1567,b
1568,g
1569,g
1570,j
1571,h
1572,g
1573,g
1574,c
1575,j
1576,g
1577,c
1578,g
1579,v
1580,v
1581,j
1582,q
1583,q
1584,b
1585,h
1586,b
1587,l
1588,l
1589,h
1590,r
1591,l
1592,h
1593,l
1594,c
1595,l
1596,z
1597,z
1598,p
1599,l
1600,p
1601,q
1602,q
1603,d
1604,t
1605,d
1606,d
1607,r
1608,h
1609,h
1610,f
1611,s
1612,s
1613,d
1614,v
1615,s
1616,v
1617,r
1618,r
1619,s
1620,c
1621,s
1622,j
1623,j
1624,n
1625,w
1626,j
1627,j
1628,f
1629,p
1630,j
1631,f
1632,f
1633,f
1634,c
1635,b
1636,f
1637,c
1638,f
1639,m
1640,m
1641,l
1642,p
1643,m
1644,p
1645,h
1646,h
1647,h
1648,l
1649,p
1650,l
1651,t
1652,p
1653,t
1654,c
1655,p
1656,t
1657,t
1658,p
1659,p
1660,f
1661,s
1662,s
1663,p
1664,p
1665,g
1666,w
1667,p
1668,p
1669,j
1670,g
1671,j
1672,n
1673,n
1674,b
1675,l
1676,b
1677,h
1678,b
1679,t
1680,b
1681,r
1682,b
1683,g
1684,b
1685,p
1686,p
1687,l
1688,n
1689,l
1690,v
1691,l
1692,s
1693,v
1694,l
1695,v
1696,w
1697,v
1698,w
1699,p
1700,p
1701,t
1702,m
1703,t
1704,s
1705,s
1706,w
1707,z
1708,s
1709,w
1710,s
1711,n
1712,s
1713,c
1714,s
1715,f
1716,c
1717,s
1718,f
1719,s
1720,f
1721,g
1722,g
1723,z
1724,h
1725,g
1726,h
1727,v
1728,v
1729,g
1730,b
1731,b
1732,f
1733,d
1734,d
1735,g
1736,b
1737,b
1738,r
1739,m
1740,r
1741,t
1742,r
1743,q
1744,t
1745,t
1746,h
1747,v
1748,h
1749,z
1750,h
1751,z
1752,t
1753,h
1754,t
1755,b
1756,t
1757,j
1758,j
1759,c
1760,l
1761,j
1762,j
1763,l
1764,c
1765,l
1766,l
1767,z
1768,g
1769,l
1770,z
1771,z
1772,d
1773,s
1774,z
1775,d
1776,z
1777,j
1778,z
1779,j
1780,f
1781,z
1782,z
1783,z
1784,b
1785,l
1786,b
1787,s
1788,l
1789,b
1790,l
1791,j
1792,j
1793,d
1794,n
1795,n
1796,d
1797,v
1798,v
1799,n
1800,w
1801,n
1802,q
1803,n
1804,w
1805,q
1806,q
1807,s
1808,c
1809,s
1810,c
1811,m
1812,c
1813,z
1814,c
1815,w
1816,w
1817,v
1818,r
1819,r
1820,l
1821,c
1822,l
1823,t
1824,t
1825,b
1826,t
1827,d
1828,t
1829,v
1830,d
1831,d
1832,b
1833,r
1834,d
1835,d
1836,v
1837,l
1838,l
1839,n
1840,p
1841,p
1842,v
1843,p
1844,m
1845,v
1846,m
1847,b
1848,b
1849,v
1850,f
1851,v
1852,t
1853,t
1854,f
1855,c
1856,t
1857,t
1858,g
1859,g
1860,w
1861,g
1862,f
1863,f
1864,r
1865,f
1866,w
1867,w
1868,w
1869,p
1870,w
1871,c
1872,p
1873,c
1874,h
1875,p
1876,p
1877,c
1878,r
1879,r
1880,g
1881,p
1882,r
1883,g
1884,p
1885,r
1886,g
1887,r
1888,j
1889,g
1890,j
1891,d
1892,g
1893,d
1894,g
1895,v
1896,d
1897,d
1898,z
1899,n
1900,d
1901,z
1902,d
1903,b
1904,z
1905,z
1906,s
1907,w
1908,s
1909,v
1910,v
1911,t
1912,g
1913,t
1914,c
1915,c
1916,r
1917,r
1918,n
1919,g
1920,g
1921,b
1922,w
1923,g
1924,g
1925,p
1926,j
1927,p
1928,n
1929,n
1930,s
1931,j
1932,j
1933,w
1934,f
1935,j
1936,j
1937,q
1938,f
1939,q
1940,v
1941,f
1942,f
1943,r
1944,r
1945,h
1946,d
1947,r
1948,r
1949,s
1950,f
1951,r
1952,f
1953,j
1954,j
1955,f
1956,z
1957,f
1958,d
1959,z
1960,z
1961,q
1962,f
1963,q
1964,w
1965,b
1966,z
1967,t
1968,s
1969,z
1970,j
1971,q
1972,t
1973,t
1974,t
1975,f
1976,d
1977,q
1978,v
1979,z
1980,m
1981,z
1982,n
1983,z
1984,j
1985,l
1986,s
1987,j
1988,n
1989,w
1990,d
1991,t
1992,h
1993,t
1994,w
1995,d
1996,t
1997,f
1998,s
1999,l
2000,g
2001,d
2002,m
2003,g
2004,f
2005,p
2006,w
2007,s
2008,q
2009,c
2010,s
2011,q
2012,d
2013,h
2014,n
2015,s
2016,n
2017,s
2018,m
2019,g
2020,h
2021,t
2022,t
2023,f
2024,v
2025,l
2026,z
2027,q
2028,g
2029,s
2030,p
2031,z
2032,d
2033,t
2034,l
2035,s
2036,t
2037,d
2038,m
2039,t
2040,h
2041,z
2042,f
2043,t
2044,w
2045,m
2046,n
2047,q
2048,r
2049,z
2050,n
2051,l
2052,d
2053,p
2054,m
2055,w
2056,q
2057,b
2058,t
2059,t
2060,h
2061,g
2062,g
2063,j
2064,w
2065,c
2066,g
2067,j
2068,j
2069,m
2070,b
2071,p
2072,q
2073,g
2074,r
2075,n
2076,w
2077,s
2078,p
2079,g
2080,g
2081,j
2082,v
2083,r
2084,l
2085,c
2086,m
2087,t
2088,v
2089,p
2090,c
2091,h
2092,m
2093,q
2094,h
2095,l
2096,w
2097,w
2098,t
2099,s
2100,w
2101,q
2102,g
2103,p
2104,d
2105,j
2106,p
2107,b
2108,z
2109,n
2110,q
2111,n
2112,s
2113,s
2114,q
2115,h
2116,d
2117,j
2118,z
2119,g
2120,b
2121,j
2122,n
2123,f
2124,m
2125,g
2126,s
2127,s
2128,r
2129,v
2130,n
2131,m
2132,m
2133,c
2134,v
2135,v
2136,h
2137,g
2138,m
2139,c
2140,v
2141,q
2142,b
2143,f
2144,d
2145,h
2146,g
2147,r
2148,h
2149,n
2150,q
2151,q
2152,z
2153,d
2154,m
2155,t
2156,t
2157,m
2158,d
2159,z
2160,w
2161,g
2162,t
2163,p
2164,r
2165,z
2166,q
2167,h
2168,p
2169,l
2170,w
2171,n
2172,h
2173,h
2174,m
2175,l
2176,r
2177,v
2178,c
2179,b
2180,w
2181,p
2182,l
2183,l
2184,q
2185,p
2186,r
2187,t
2188,l
2189,t
2190,d
2191,v
2192,q
2193,r
2194,w
2195,h
2196,v
2197,w
2198,z
2199,v
2200,l
2201,q
2202,s
2203,v
2204,f
2205,q
2206,s
2207,f
2208,j
2209,w
2210,m
2211,r
2212,n
2213,z
2214,l
2215,q
2216,p
2217,d
2218,g
2219,f
2220,p
2221,m
2222,t
2223,f
2224,d
2225,c
2226,z
2227,q
2228,d
2229,n
2230,f
2231,j
2232,j
2233,b
2234,j
2235,m
2236,r
2237,d
2238,n
2239,f
2240,f
2241,c
2242,m
2243,t
2244,w
2245,l
2246,z
2247,c
2248,m
2249,v
2250,n
2251,w
2252,m
2253,l
2254,p
2255,m
2256,q
2257,h
2258,v
2259,g
2260,g
2261,d
2262,h
2263,p
2264,t
2265,n
2266,z
2267,l
2268,v
2269,z
2270,w
2271,z
2272,w
2273,j
2274,b
2275,c
2276,s
2277,z
2278,s
2279,n
2280,z
2281,g
2282,p
2283,w
2284,n
2285,c
2286,f
2287,g
2288,v
2289,z
2290,f
2291,g
2292,b
2293,z
2294,w
2295,c
2296,l
2297,v
2298,r
2299,b
2300,m
2301,l
2302,l
2303,z
2304,p
2305,l
2306,t
2307,z
2308,w
2309,j
2310,r
2311,f
2312,t
2313,m
2314,p
2315,p
2316,s
2317,f
2318,w
2319,h
2320,v
2321,v
2322,v
2323,h
2324,v
2325,q
2326,j
2327,t
2328,s
2329,t
2330,n
2331,n
2332,c
2333,z
2334,g
2335,t
2336,d
2337,b
2338,m
2339,p
2340,j
2341,j
2342,s
2343,s
2344,c
2345,b
2346,d
2347,w
2348,p
2349,l
2350,f
2351,t
2352,g
2353,c
2354,g
2355,m
2356,t
2357,r
2358,n
2359,r
2360,n
2361,z
2362,p
2363,l
2364,z
2365,h
2366,g
2367,h
2368,r
2369,q
2370,g
2371,d
2372,t
2373,j
2374,w
2375,n
2376,t
2377,w
2378,f
2379,s
2380,t
2381,j
2382,w
2383,q
2384,j
2385,j
2386,r
2387,l
2388,h
2389,t
2390,w
2391,h
2392,n
2393,f
2394,q
2395,w
2396,f
2397,q
2398,g
2399,s
2400,j
2401,p
2402,t
2403,j
2404,f
2405,p
2406,s
2407,r
2408,b
2409,n
2410,v
2411,v
2412,l
2413,g
2414,s
2415,l
2416,t
2417,n
2418,v
2419,t
2420,f
2421,v
2422,s
2423,c
2424,t
2425,t
2426,w
2427,v
2428,r
2429,f
2430,z
2431,b
2432,l
2433,z
2434,m
2435,f
2436,m
2437,n
2438,f
2439,r
2440,l
2441,r
2442,n
2443,z
2444,r
2445,r
2446,z
2447,h
2448,c
2449,l
2450,g
2451,g
2452,t
2453,n
2454,t
2455,p
2456,j
2457,b
2458,b
2459,c
2460,p
2461,h
2462,d
2463,v
2464,r
2465,f
2466,h
2467,n
2468,r
2469,t
2470,z
2471,v
2472,d
2473,m
2474,w
2475,b
2476,w
2477,g
2478,b
2479,f
2480,t
2481,g
2482,z
2483,w
2484,l
2485,c
2486,q
2487,z
2488,t
2489,g
2490,h
2491,d
2492,h
2493,d
2494,m
2495,z
2496,w
2497,l
2498,m
2499,j
2500,b
2501,g
2502,p
2503,t
2504,f
2505,n
2506,n
2507,z
2508,b
2509,m
2510,w
2511,s
2512,n
2513,z
2514,l
2515,z
2516,c
2517,p
2518,p
2519,r
2520,q
2521,z
2522,m
2523,b
2524,b
2525,d
2526,s
2527,p
2528,l
2529,m
2530,h
2531,p
2532,g
2533,m
2534,z
2535,t
2536,h
2537,q
2538,c
2539,s
2540,f
2541,j
2542,c
2543,n
2544,f
2545,b
2546,f
2547,v
2548,s
2549,d
2550,s
2551,q
2552,z
2553,f
2554,v
2555,f
2556,c
2557,n
2558,p
2559,g
2560,q
2561,s
2562,v
2563,p
2564,g
2565,w
2566,s
2567,d
2568,b
2569,g
2570,j
2571,m
2572,s
2573,g
2574,l
2575,r
2576,w
2577,m
2578,f
2579,j
2580,f
2581,p
2582,d
2583,d
2584,c
2585,z
2586,w
2587,v
2588,g
2589,d
2590,p
2591,p
2592,f
2593,m
2594,r
2595,t
2596,s
2597,z
2598,b
2599,t
2600,f
2601,d
2602,w
2603,b
2604,m
2605,l
2606,m
2607,z
2608,h
2609,q
2610,v
2611,v
2612,w
2613,m
2614,v
2615,l
2616,z
2617,v
2618,j
2619,f
2620,p
2621,f
2622,f
2623,j
2624,n
2625,h
2626,w
2627,w
2628,h
2629,s
2630,s
2631,f
2632,j
2633,n
2634,b
2635,z
2636,l
2637,q
2638,w
2639,q
2640,v
2641,j
2642,b
2643,j
2644,b
2645,h
2646,f
2647,n
2648,t
2649,m
2650,h
2651,g
2652,s
2653,w
2654,n
2655,t
2656,d
2657,p
2658,b
2659,z
2660,l
2661,w
2662,w
2663,f
2664,b
2665,d
2666,b
2667,h
2668,r
2669,f
2670,h
2671,z
2672,f
2673,j
2674,s
2675,j
2676,b
2677,t
2678,l
2679,r
2680,q
2681,h
2682,l
2683,n
2684,r
2685,p
2686,f
2687,b
2688,w
2689,t
2690,p
2691,m
2692,r
2693,f
2694,v
2695,b
2696,h
2697,l
2698,m
2699,m
2700,s
2701,g
2702,t
2703,v
2704,c
2705,m
2706,r
2707,q
2708,m
2709,d
2710,p
2711,w
2712,v
2713,h
2714,q
2715,f
2716,q
2717,p
2718,g
2719,m
2720,f
2721,g
2722,n
2723,f
2724,r
2725,b
2726,v
2727,p
2728,r
2729,h
2730,p
2731,r
2732,t
2733,n
2734,p
2735,z
2736,j
2737,c
2738,n
2739,l
2740,t
2741,n
2742,d
2743,f
2744,s
2745,v
2746,j
2747,g
2748,n
2749,d
2750,w
2751,b
2752,l
2753,h
2754,w
2755,p
2756,h
2757,t
2758,p
2759,s
2760,m
2761,n
2762,c
2763,z
2764,g
2765,b
2766,t
2767,p
2768,w
2769,d
2770,v
2771,j
2772,s
2773,r
2774,c
2775,t
2776,j
2777,b
2778,v
2779,b
2780,f
2781,s
2782,l
2783,v
2784,s
2785,l
2786,z
2787,l
2788,w
2789,b
2790,t
2791,s
2792,t
2793,q
2794,v
2795,g
2796,c
2797,r
2798,q
2799,m
2800,f
2801,p
2802,h
2803,w
2804,z
2805,t
2806,p
2807,j
2808,q
2809,d
2810,m
2811,v
2812,c
2813,j
2814,p
2815,j
2816,q
2817,m
2818,j
2819,b
2820,d
2821,n
2822,d
2823,f
2824,p
2825,z
2826,w
2827,s
2828,f
2829,w
2830,p
2831,l
2832,c
2833,h
2834,s
2835,m
2836,q
2837,w
2838,w
2839,b
2840,g
2841,g
2842,p
2843,t
2844,j
2845,d
2846,t
2847,z
2848,t
2849,s
2850,z
2851,m
2852,p
2853,f
2854,w
2855,g
2856,f
2857,w
2858,n
2859,q
2860,p
2861,d
2862,w
2863,f
2864,c
2865,p
2866,g
2867,r
2868,r
2869,h
2870,m
2871,f
2872,g
2873,l
2874,s
2875,c
2876,t
2877,j
2878,l
2879,l
2880,f
2881,l
2882,f
2883,l
2884,t
2885,b
2886,c
2887,f
2888,v
2889,c
2890,p
2891,f
2892,c
2893,n
2894,q
2895,b
2896,w
2897,r
2898,v
2899,z
2900,m
2901,c
2902,m
2903,j
2904,p
2905,w
2906,p
2907,t
2908,g
2909,s
2910,r
2911,l
2912,b
2913,r
2914,d
2915,c
2916,h
2917,n
2918,g
2919,w
2920,s
2921,d
2922,s
2923,t
2924,f
2925,m
2926,c
2927,b
2928,r
2929,q
2930,v
2931,d
2932,s
2933,v
2934,v
2935,b
2936,n
2937,p
2938,p
2939,d
2940,m
2941,n
2942,f
2943,w
2944,c
2945,g
2946,v
2947,p
2948,j
2949,j
2950,z
2951,q
2952,w
2953,c
2954,p
2955,v
2956,q
2957,f
2958,n
2959,c
2960,v
2961,q
2962,l
2963,s
2964,f
2965,n
2966,j
2967,z
2968,p
2969,r
2970,v
2971,h
2972,p
2973,g
2974,q
2975,s
2976,c
2977,s
2978,h
2979,q
2980,w
2981,s
2982,t
2983,t
2984,d
2985,r
2986,s
2987,m
2988,q
2989,j
2990,f
2991,w
2992,l
2993,h
2994,c
2995,w
2996,l
2997,v
2998,n
2999,z
3000,v
3001,g
3002,v
3003,c
3004,l
3005,q
3006,f
3007,j
3008,d
3009,g
3010,c
3011,t
3012,v
3013,s
3014,r
3015,b
3016,w
3017,z
3018,f
3019,l
3020,c
3021,l
3022,d
3023,m
3024,r
3025,w
3026,l
3027,f
3028,h
3029,b
3030,g
3031,d
3032,t
3033,s
3034,t
3035,q
3036,s
3037,q
3038,l
3039,b
3040,l
3041,n
3042,d
3043,n
3044,p
3045,g
3046,q
3047,l
3048,f
3049,b
3050,j
3051,z
3052,s
3053,l
3054,c
3055,p
3056,c
3057,w
3058,v
3059,d
3060,w
3061,d
3062,f
3063,f
3064,s
3065,h
3066,h
3067,r
3068,z
3069,v
3070,h
3071,q
3072,w
3073,d
3074,s
3075,d
3076,m
3077,w
3078,t
3079,m
3080,t
3081,v
3082,c
3083,n
3084,r
3085,h
3086,m
3087,s
3088,t
3089,v
3090,r
3091,n
3092,s
3093,c
3094,p
3095,p
3096,m
3097,b
3098,p
3099,m
3100,j
3101,b
3102,f
3103,j
3104,h
3105,l
3106,j
3107,m
3108,s
3109,j
3110,n
3111,b
3112,j
3113,l
3114,h
3115,j
3116,h
3117,m
3118,n
3119,m
3120,c
3121,v
3122,v
3123,f
3124,g
3125,b
3126,d
3127,r
3128,b
3129,l
3130,w
3131,b
3132,z
3133,r
3134,c
3135,c
3136,t
3137,r
3138,j
3139,w
3140,j
3141,j
3142,w
3143,j
3144,t
3145,g
3146,n
3147,f
3148,j
3149,h
3150,h
3151,q
3152,b
3153,s
3154,m
3155,d
3156,j
3157,v
3158,d
3159,r
3160,d
3161,j
3162,t
3163,j
3164,b
3165,s
3166,c
3167,f
3168,r
3169,s
3170,l
3171,j
3172,n
3173,v
3174,q
3175,j
3176,l
3177,g
3178,j
3179,w
3180,q
3181,r
3182,v
3183,f
3184,m
3185,d
3186,t
3187,t
3188,s
3189,v
3190,q
3191,j
3192,w
3193,d
3194,b
3195,s
3196,w
3197,d
3198,t
3199,c
3200,f
3201,q
3202,s
3203,r
3204,p
3205,b
3206,v
3207,z
3208,r
3209,b
3210,s
3211,d
3212,q
3213,l
3214,q
3215,f
3216,j
3217,l
3218,r
3219,g
3220,c
3221,w
3222,z
3223,b
3224,q
3225,t
3226,q
3227,r
3228,p
3229,s
3230,r
3231,f
3232,c
3233,m
3234,b
3235,z
3236,c
3237,v
3238,j
3239,n
3240,g
3241,c
3242,s
3243,m
3244,v
3245,q
3246,l
3247,b
3248,n
3249,g
3250,h
3251,l
3252,l
3253,c
3254,q
3255,c
3256,z
3257,t
3258,b
3259,t
3260,v
3261,d
3262,r
3263,f
3264,c
3265,m
3266,p
3267,g
3268,f
3269,d
3270,p
3271,r
3272,g
3273,h
3274,s
3275,m
3276,b
3277,j
3278,v
3279,z
3280,b
3281,d
3282,n
3283,r
3284,d
3285,q
3286,n
3287,j
3288,d
3289,z
3290,s
3291,l
3292,c
3293,l
3294,g
3295,d
3296,s
3297,q
3298,g
3299,l
3300,v
3301,p
3302,v
3303,c
3304,j
3305,p
3306,z
3307,q
3308,f
3309,w
3310,z
3311,t
3312,l
3313,s
3314,s
3315,l
3316,j
3317,t
3318,m
3319,c
3320,d
3321,f
3322,c
3323,q
3324,d
3325,n
3326,q
3327,z
3328,w
3329,c
3330,t
3331,t
3332,v
3333,p
3334,q
3335,f
3336,d
3337,p
3338,v
3339,z
3340,l
3341,h
3342,j
3343,f
3344,v
3345,v
3346,s
3347,g
3348,p
3349,h
3350,g
3351,q
3352,r
3353,m
3354,z
3355,p
3356,p
3357,v
3358,n
3359,j
3360,z
3361,n
3362,q
3363,m
3364,d
3365,z
3366,f
3367,n
3368,f
3369,z
3370,t
3371,j
3372,p
3373,p
3374,s
3375,t
3376,j
3377,f
3378,w
3379,d
3380,d
3381,f
3382,t
3383,c
3384,p
3385,c
3386,j
3387,n
3388,s
3389,s
3390,z
3391,n
3392,q
3393,b
3394,r
3395,v
3396,l
3397,v
3398,r
3399,z
3400,f
3401,h
3402,b
3403,v
3404,s
3405,j
3406,r
3407,w
3408,g
3409,h
3410,t
3411,t
3412,w
3413,l
3414,w
3415,f
3416,r
3417,p
3418,t
3419,s
3420,v
3421,s
3422,r
3423,w
3424,f
3425,n
3426,v
3427,j
3428,t
3429,t
3430,h
3431,w
3432,r
3433,p
3434,p
3435,b
3436,n
3437,g
3438,b
3439,g
3440,q
3441,v
3442,b
3443,s
3444,d
3445,g
3446,c
3447,r
3448,j
3449,c
3450,w
3451,j
3452,j
3453,l
3454,j
3455,c
3456,w
3457,p
3458,t
3459,r
3460,v
3461,g
3462,m
3463,b
3464,j
3465,p
3466,j
3467,t
3468,d
3469,b
3470,m
3471,h
3472,m
3473,z
3474,c
3475,f
3476,h
3477,z
3478,b
3479,s
3480,b
3481,r
3482,m
3483,z
3484,h
3485,d
3486,s
3487,r
3488,j
3489,b
3490,b
3491,m
3492,n
3493,w
3494,b
3495,s
3496,n
3497,t
3498,p
3499,f
3500,f
3501,d
3502,r
3503,r
3504,l
3505,g
3506,c
3507,r
3508,c
3509,g
3510,b
3511,c
3512,f
3513,w
3514,v
3515,l
3516,p
3517,m
3518,r
3519,z
3520,v
3521,s
3522,m
3523,v
3524,p
3525,j
3526,t
3527,h
3528,t
3529,d
3530,j
3531,d
3532,v
3533,c
3534,s
3535,p
3536,d
3537,s
3538,d
3539,v
3540,s
3541,h
3542,l
3543,r
3544,w
3545,z
3546,c
3547,q
3548,n
3549,j
3550,m
3551,c
3552,n
3553,r
3554,g
3555,z
3556,b
3557,q
3558,z
3559,h
3560,f
3561,z
3562,b
3563,m
3564,t
3565,r
3566,v
3567,z
3568,z
3569,m
3570,j
3571,w
3572,b
3573,n
3574,j
3575,g
3576,g
3577,t
3578,r
3579,t
3580,g
3581,c
3582,s
3583,n
3584,r
3585,m
3586,z
3587,b
3588,t
3589,j
3590,z
3591,g
3592,d
3593,m
3594,f
3595,f
3596,d
3597,n
3598,t
3599,s
3600,p
3601,d
3602,h
3603,g
3604,n
3605,v
3606,g
3607,r
3608,m
3609,p
3610,b
3611,t
3612,n
3613,s
3614,s
3615,p
3616,c
3617,q
3618,h
3619,s
3620,r
3621,v
3622,p
3623,p
3624,j
3625,b
3626,r
3627,m
3628,d
3629,b
3630,g
3631,g
3632,j
3633,b
3634,f
3635,t
3636,n
3637,n
3638,b
3639,r
3640,g
3641,d
3642,s
3643,m
3644,d
3645,s
3646,c
3647,q
3648,t
3649,h
3650,d
3651,z
3652,f
3653,l
3654,l
3655,d
3656,f
3657,n
3658,p
3659,l
3660,q
3661,c
3662,c
3663,t
3664,h
3665,p
3666,w
3667,c
3668,c
3669,s
3670,f
3671,s
3672,n
3673,s
3674,t
3675,t
3676,t
3677,w
3678,z
3679,t
3680,q
3681,n
3682,m
3683,n
3684,f
3685,s
3686,h
3687,n
3688,t
3689,q
3690,n
3691,g
3692,m
3693,c
3694,n
3695,d
3696,b
3697,s
3698,b
3699,f
3700,t
3701,m
3702,g
3703,n
3704,h
3705,h
3706,w
3707,j
3708,v
3709,h
3710,c
3711,h
3712,d
3713,f
3714,q
3715,z
3716,z
3717,g
3718,p
3719,d
3720,n
3721,f
3722,g
3723,v
3724,n
3725,j
3726,z
3727,j
3728,z
3729,f
3730,d
3731,z
3732,v
3733,s
3734,v
3735,t
3736,d
3737,q
3738,q
3739,c
3740,f
3741,t
3742,r
3743,v
3744,m
3745,d
3746,c
3747,s
3748,z
3749,c
3750,w
3751,p
3752,f
3753,r
3754,b
3755,c
3756,s
3757,m
3758,l
3759,q
3760,q
3761,f
3762,p
3763,r
3764,r
3765,j
3766,g
3767,n
3768,c
3769,w
3770,c
3771,v
3772,c
3773,n
3774,g
3775,m
3776,r
3777,n
3778,w
3779,n
3780,t
3781,c
3782,v
3783,z
3784,z
3785,l
3786,n
3787,w
3788,r
3789,h
3790,r
3791,z
3792,n
3793,n
3794,l
3795,d
3796,s
3797,l
3798,h
3799,q
3800,d
3801,s
3802,c
3803,b
3804,g
3805,s
3806,r
3807,q
3808,n
3809,v
3810,n
3811,m
3812,d
3813,t
3814,q
3815,v
3816,l
3817,t
3818,t
3819,w
3820,q
3821,l
3822,j
3823,m
3824,v
3825,b
3826,p
3827,b
3828,f
3829,l
3830,d
3831,t
3832,b
3833,g
3834,z
3835,h
3836,v
3837,w
3838,z
3839,g
3840,h
3841,n
3842,h
3843,w
3844,r
3845,w
3846,d
3847,q
3848,p
3849,h
3850,h
3851,h
3852,g
3853,j
3854,p
3855,n
3856,m
3857,t
3858,l
3859,c
3860,m
3861,v
3862,f
3863,b
3864,d
3865,f
3866,f
3867,n
3868,s
3869,v
3870,c
3871,s
3872,w
3873,t
3874,m
3875,f
3876,f
3877,z
3878,s
3879,r
3880,v
3881,c
3882,z
3883,b
3884,n
3885,t
3886,f
3887,p
3888,d
3889,s
3890,m
3891,w
3892,b
3893,q
3894,p
3895,h
3896,v
3897,v
3898,c
3899,f
3900,l
3901,p
3902,w
3903,g
3904,s
3905,r
3906,m
3907,j
3908,h
3909,r
3910,l
3911,j
3912,l
3913,v
3914,z
3915,d
3916,g
3917,r
3918,c
3919,w
3920,p
3921,f
3922,p
3923,h
3924,m
3925,v
3926,t
3927,w
3928,q
3929,w
3930,h
3931,j
3932,m
3933,r
3934,v
3935,m
3936,j
3937,z
3938,j
3939,l
3940,z
3941,l
3942,b
3943,f
3944,l
3945,h
3946,z
3947,r
3948,d
3949,r
3950,z
3951,c
3952,d
3953,w
3954,h
3955,b
3956,l
3957,p
3958,q
3959,w
3960,j
3961,l
3962,j
3963,b
3964,v
3965,p
3966,r
3967,d
3968,d
3969,t
3970,v
3971,n
3972,c
3973,c
3974,m
3975,c
3976,h
3977,g
3978,c
3979,t
3980,n
3981,c
3982,w
3983,b
3984,p
3985,n
3986,m
3987,l
3988,q
3989,p
3990,p
3991,f
3992,m
3993,h
3994,w
3995,c
3996,h
3997,v
3998,j
3999,v
4000,p
4001,m
4002,b
4003,l
4004,q
4005,h
4006,c
4007,c
4008,f
4009,h
4010,l
4011,p
4012,r
4013,d
4014,r
4015,c
4016,z
4017,d
4018,f
4019,h
4020,m
4021,n
4022,s
4023,q
4024,h
4025,d
4026,d
4027,b
4028,q
4029,l
4030,p
4031,p
4032,g
4033,s
4034,n
4035,v
4036,h
4037,h
4038,f
4039,r
4040,w
4041,h
4042,q
4043,h
4044,f
4045,d
4046,p
4047,v
4048,s
4049,f
4050,c
4051,v
4052,z
4053,b
4054,q
4055,h
4056,g
4057,s
4058,w
4059,t
4060,m
4061,n
4062,p
4063,m
4064,z
4065,r
4066,w
4067,s
4068,v
4069,n
4070,m
4071,z
4072,t
4073,n
4074,q
4075,w
4076,d
4077,r
4078,h
4079,l
4080,l
4081,s
4082,s
4083,m
4084,g
4085,t
4086,z
4087,b
4088,z
4089,t
4090,s
4091,p
4092,r
4093,p
4094,s
4095,j
