1,1,1,L
1,1,2,d
1,1,3,H
1,1,4,V
1,1,5,L
1,1,6,D
1,1,7,L
1,1,8,D
1,1,9,d
1,1,10,H
1,1,11,d
1,1,12,t
1,2,1,L
1,2,2,M
1,2,3,h
1,2,4,c
1,2,5,q
1,2,6,C
1,2,7,q
1,2,8,G
1,2,9,W
1,2,10,c
1,2,11,W
1,2,12,g
2,1,1,Z
2,1,2,Z
2,1,3,Q
2,1,4,Z
2,1,5,S
2,1,6,Z
2,1,7,n
2,1,8,n
2,1,9,J
2,1,10,r
2,1,11,Q
2,1,12,r
2,1,13,J
2,1,14,Q
2,1,15,J
2,1,16,b
2,1,17,f
2,1,18,z
2,1,19,f
2,1,20,n
2,2,1,W
2,2,2,G
2,2,3,W
2,2,4,P
2,2,5,W
2,2,6,M
2,2,7,c
2,2,8,C
2,2,9,h
2,2,10,M
2,2,11,M
2,2,12,P
2,2,13,c
2,2,14,q
2,2,15,M
2,2,16,n
2,2,17,h
2,2,18,F
2,2,19,c
2,2,20,F
3,1,1,Z
3,1,2,r
3,1,3,z
3,1,4,p
3,1,5,W
3,1,6,z
3,1,7,f
3,1,8,b
3,1,9,p
3,1,10,Q
3,1,11,p
3,1,12,W
3,1,13,b
3,1,14,z
3,1,15,v
3,1,16,Z
3,1,17,W
3,1,18,Z
3,2,1,p
3,2,2,d
3,2,3,t
3,2,4,V
3,2,5,t
3,2,6,D
3,2,7,N
3,2,8,m
3,2,9,R
3,2,10,H
3,2,11,N
3,2,12,V
3,2,13,p
3,2,14,t
3,2,15,N
3,2,16,D
3,2,17,H
3,2,18,t
4,1,1,g
4,1,2,z
4,1,3,C
4,1,4,j
4,1,5,f
4,1,6,f
4,1,7,W
4,1,8,Z
4,1,9,C
4,1,10,t
4,1,11,C
4,1,12,f
4,1,13,Z
4,1,14,Z
4,2,1,V
4,2,2,d
4,2,3,q
4,2,4,V
4,2,5,S
4,2,6,q
4,2,7,J
4,2,8,d
4,2,9,v
4,2,10,J
4,2,11,n
4,2,12,d
4,2,13,S
4,2,14,t
5,1,1,h
5,1,2,M
5,1,3,H
5,1,4,L
5,1,5,c
5,1,6,m
5,1,7,G
5,1,8,L
5,1,9,M
5,1,10,L
5,1,11,h
5,1,12,H
5,1,13,m
5,1,14,s
5,1,15,R
5,1,16,M
5,2,1,s
5,2,2,S
5,2,3,v
5,2,4,s
5,2,5,Q
5,2,6,S
5,2,7,q
5,2,8,r
5,2,9,s
5,2,10,r
5,2,11,l
5,2,12,J
5,2,13,T
5,2,14,T
5,2,15,d
5,2,16,V
6,1,1,N
6,1,2,P
6,1,3,N
6,1,4,G
6,1,5,R
6,1,6,G
6,1,7,H
6,1,8,G
6,1,9,H
6,1,10,N
6,1,11,L
6,1,12,c
6,2,1,z
6,2,2,N
6,2,3,z
6,2,4,z
6,2,5,Z
6,2,6,F
6,2,7,W
6,2,8,S
6,2,9,F
6,2,10,F
6,2,11,C
6,2,12,C
7,1,1,V
7,1,2,S
7,1,3,B
7,1,4,p
7,1,5,c
7,1,6,v
7,1,7,N
7,1,8,N
7,1,9,b
7,1,10,N
7,1,11,W
7,1,12,W
7,1,13,S
7,1,14,f
7,1,15,G
7,2,1,R
7,2,2,w
7,2,3,t
7,2,4,J
7,2,5,n
7,2,6,R
7,2,7,t
7,2,8,r
7,2,9,z
7,2,10,z
7,2,11,G
7,2,12,z
7,2,13,G
7,2,14,G
7,2,15,n
8,1,1,j
8,1,2,Z
8,1,3,l
8,1,4,h
8,1,5,T
8,1,6,l
8,1,7,Q
8,1,8,L
8,1,9,H
8,1,10,F
8,1,11,L
8,1,12,L
8,1,13,Z
8,2,1,b
8,2,2,w
8,2,3,r
8,2,4,z
8,2,5,Q
8,2,6,Q
8,2,7,s
8,2,8,t
8,2,9,t
8,2,10,D
8,2,11,t
8,2,12,b
8,2,13,s
9,1,1,h
9,1,2,m
9,1,3,m
9,1,4,P
9,1,5,F
9,1,6,l
9,1,7,h
9,1,8,L
9,1,9,m
9,1,10,h
9,1,11,L
9,1,12,M
9,1,13,g
9,1,14,F
9,1,15,M
9,1,16,F
9,1,17,L
9,1,18,b
9,1,19,M
9,2,1,B
9,2,2,B
9,2,3,g
9,2,4,c
9,2,5,N
9,2,6,V
9,2,7,c
9,2,8,f
9,2,9,N
9,2,10,C
9,2,11,c
9,2,12,f
9,2,13,S
9,2,14,V
9,2,15,S
9,2,16,S
9,2,17,N
9,2,18,B
9,2,19,q
10,1,1,j
10,1,2,R
10,1,3,D
10,1,4,S
10,1,5,z
10,1,6,j
10,1,7,C
10,1,8,j
10,1,9,j
10,1,10,M
10,1,11,R
10,1,12,M
10,1,13,r
10,1,14,H
10,1,15,z
10,1,16,M
10,1,17,R
10,1,18,C
10,1,19,D
10,1,20,H
10,1,21,M
10,1,22,D
10,1,23,j
10,2,1,B
10,2,2,n
10,2,3,l
10,2,4,Q
10,2,5,b
10,2,6,b
10,2,7,n
10,2,8,Q
10,2,9,w
10,2,10,L
10,2,11,w
10,2,12,r
10,2,13,N
10,2,14,L
10,2,15,P
10,2,16,w
10,2,17,n
10,2,18,T
10,2,19,P
10,2,20,Q
10,2,21,r
10,2,22,l
10,2,23,c
11,1,1,s
11,1,2,Z
11,1,3,B
11,1,4,q
11,1,5,d
11,1,6,Z
11,1,7,q
11,1,8,s
11,1,9,W
11,1,10,g
11,1,11,F
11,1,12,B
11,1,13,p
11,1,14,g
11,1,15,p
11,1,16,p
11,1,17,G
11,1,18,J
11,1,19,q
11,2,1,l
11,2,2,l
11,2,3,P
11,2,4,l
11,2,5,l
11,2,6,w
11,2,7,n
11,2,8,b
11,2,9,Q
11,2,10,w
11,2,11,T
11,2,12,w
11,2,13,s
11,2,14,s
11,2,15,w
11,2,16,Q
11,2,17,P
11,2,18,w
11,2,19,N
12,1,1,g
12,1,2,J
12,1,3,g
12,1,4,t
12,1,5,J
12,1,6,J
12,1,7,B
12,1,8,t
12,1,9,q
12,1,10,J
12,1,11,q
12,1,12,W
12,1,13,B
12,1,14,G
12,2,1,z
12,2,2,j
12,2,3,R
12,2,4,C
12,2,5,H
12,2,6,D
12,2,7,D
12,2,8,z
12,2,9,R
12,2,10,m
12,2,11,D
12,2,12,t
12,2,13,V
12,2,14,V
13,1,1,G
13,1,2,R
13,1,3,B
13,1,4,W
13,1,5,b
13,1,6,b
13,1,7,W
13,1,8,n
13,1,9,G
13,1,10,N
13,1,11,h
13,1,12,b
13,1,13,w
13,2,1,S
13,2,2,s
13,2,3,f
13,2,4,P
13,2,5,f
13,2,6,m
13,2,7,r
13,2,8,l
13,2,9,s
13,2,10,l
13,2,11,W
13,2,12,s
13,2,13,S
14,1,1,H
14,1,2,L
14,1,3,V
14,1,4,C
14,1,5,g
14,1,6,C
14,1,7,L
14,1,8,p
14,1,9,M
14,1,10,g
14,1,11,c
14,1,12,L
14,1,13,V
14,1,14,D
14,1,15,c
14,1,16,D
14,1,17,C
14,1,18,g
14,1,19,m
14,2,1,l
14,2,2,v
14,2,3,s
14,2,4,t
14,2,5,S
14,2,6,l
14,2,7,s
14,2,8,s
14,2,9,t
14,2,10,P
14,2,11,t
14,2,12,S
14,2,13,S
14,2,14,S
14,2,15,l
14,2,16,s
14,2,17,c
14,2,18,v
14,2,19,l
15,1,1,L
15,1,2,z
15,1,3,Q
15,1,4,D
15,1,5,Q
15,1,6,z
15,1,7,M
15,1,8,M
15,1,9,z
15,1,10,J
15,1,11,z
15,1,12,F
15,1,13,Q
15,1,14,V
15,1,15,D
15,1,16,J
15,1,17,g
15,1,18,C
15,1,19,z
15,1,20,J
15,1,21,H
15,1,22,J
15,2,1,Z
15,2,2,R
15,2,3,Z
15,2,4,B
15,2,5,N
15,2,6,b
15,2,7,q
15,2,8,G
15,2,9,F
15,2,10,h
15,2,11,N
15,2,12,F
15,2,13,w
15,2,14,B
15,2,15,G
15,2,16,h
15,2,17,b
15,2,18,h
15,2,19,B
15,2,20,h
15,2,21,B
15,2,22,m
16,1,1,J
16,1,2,N
16,1,3,s
16,1,4,H
16,1,5,h
16,1,6,d
16,1,7,P
16,1,8,Z
16,1,9,S
16,1,10,d
16,1,11,Z
16,1,12,J
16,1,13,j
16,1,14,S
16,1,15,H
16,1,16,z
16,1,17,z
16,1,18,N
16,2,1,w
16,2,2,v
16,2,3,w
16,2,4,G
16,2,5,g
16,2,6,B
16,2,7,F
16,2,8,m
16,2,9,B
16,2,10,m
16,2,11,v
16,2,12,p
16,2,13,t
16,2,14,J
16,2,15,b
16,2,16,F
16,2,17,v
16,2,18,m
17,1,1,W
17,1,2,r
17,1,3,D
17,1,4,r
17,1,5,w
17,1,6,q
17,1,7,q
17,1,8,q
17,1,9,Q
17,1,10,W
17,1,11,V
17,1,12,M
17,1,13,C
17,2,1,v
17,2,2,M
17,2,3,v
17,2,4,G
17,2,5,b
17,2,6,G
17,2,7,b
17,2,8,b
17,2,9,F
17,2,10,F
17,2,11,b
17,2,12,F
17,2,13,p
18,1,1,r
18,1,2,q
18,1,3,q
18,1,4,L
18,1,5,n
18,1,6,c
18,1,7,q
18,1,8,n
18,1,9,l
18,1,10,C
18,1,11,n
18,1,12,c
18,1,13,w
18,1,14,Q
18,1,15,W
18,1,16,C
18,1,17,w
18,1,18,W
18,1,19,l
18,1,20,L
18,2,1,f
18,2,2,S
18,2,3,Z
18,2,4,P
18,2,5,s
18,2,6,Z
18,2,7,d
18,2,8,d
18,2,9,f
18,2,10,z
18,2,11,z
18,2,12,N
18,2,13,N
18,2,14,d
18,2,15,h
18,2,16,d
18,2,17,P
18,2,18,l
18,2,19,Z
18,2,20,z
19,1,1,r
19,1,2,w
19,1,3,f
19,1,4,r
19,1,5,w
19,1,6,H
19,1,7,q
19,1,8,S
19,1,9,d
19,1,10,R
19,1,11,c
19,1,12,g
19,1,13,w
19,1,14,d
19,1,15,Z
19,1,16,r
19,1,17,D
19,1,18,c
19,1,19,r
19,1,20,q
19,1,21,D
19,1,22,D
19,1,23,d
19,1,24,g
19,2,1,N
19,2,2,z
19,2,3,j
19,2,4,N
19,2,5,j
19,2,6,P
19,2,7,z
19,2,8,P
19,2,9,J
19,2,10,N
19,2,11,J
19,2,12,P
19,2,13,t
19,2,14,b
19,2,15,N
19,2,16,P
19,2,17,b
19,2,18,G
19,2,19,s
19,2,20,H
19,2,21,N
19,2,22,G
19,2,23,H
19,2,24,v
20,1,1,h
20,1,2,l
20,1,3,l
20,1,4,L
20,1,5,M
20,1,6,T
20,1,7,L
20,1,8,L
20,1,9,Q
20,1,10,M
20,1,11,C
20,2,1,z
20,2,2,J
20,2,3,s
20,2,4,s
20,2,5,P
20,2,6,s
20,2,7,T
20,2,8,v
20,2,9,t
20,2,10,F
20,2,11,G
21,1,1,Q
21,1,2,t
21,1,3,Q
21,1,4,n
21,1,5,p
21,1,6,W
21,1,7,V
21,1,8,V
21,1,9,M
21,1,10,V
21,1,11,W
21,1,12,n
21,1,13,V
21,1,14,Q
21,2,1,p
21,2,2,R
21,2,3,Z
21,2,4,S
21,2,5,S
21,2,6,w
21,2,7,Z
21,2,8,D
21,2,9,g
21,2,10,g
21,2,11,r
21,2,12,c
21,2,13,S
21,2,14,q
22,1,1,F
22,1,2,D
22,1,3,l
22,1,4,q
22,1,5,P
22,1,6,M
22,1,7,B
22,1,8,d
22,1,9,m
22,1,10,b
22,1,11,q
22,1,12,M
22,1,13,r
22,1,14,d
22,1,15,D
22,1,16,q
22,1,17,q
22,1,18,F
22,1,19,d
22,1,20,F
22,1,21,D
22,1,22,w
22,2,1,j
22,2,2,H
22,2,3,Z
22,2,4,C
22,2,5,h
22,2,6,H
22,2,7,H
22,2,8,Z
22,2,9,f
22,2,10,Z
22,2,11,W
22,2,12,Z
22,2,13,N
22,2,14,B
22,2,15,s
22,2,16,Z
22,2,17,j
22,2,18,h
22,2,19,f
22,2,20,h
22,2,21,H
22,2,22,f
23,1,1,V
23,1,2,Q
23,1,3,J
23,1,4,V
23,1,5,g
23,1,6,n
23,1,7,c
23,1,8,p
23,1,9,T
23,1,10,Q
23,1,11,R
23,2,1,J
23,2,2,f
23,2,3,s
23,2,4,s
23,2,5,s
23,2,6,G
23,2,7,h
23,2,8,s
23,2,9,N
23,2,10,W
23,2,11,C
24,1,1,N
24,1,2,t
24,1,3,p
24,1,4,L
24,1,5,L
24,1,6,S
24,1,7,p
24,1,8,c
24,1,9,L
24,1,10,V
24,1,11,R
24,1,12,z
24,1,13,z
24,1,14,R
24,1,15,R
24,1,16,t
24,1,17,p
24,1,18,g
24,1,19,V
24,1,20,c
24,1,21,L
24,1,22,g
24,1,23,g
24,2,1,l
24,2,2,M
24,2,3,w
24,2,4,w
24,2,5,l
24,2,6,P
24,2,7,l
24,2,8,z
24,2,9,d
24,2,10,m
24,2,11,D
24,2,12,l
24,2,13,F
24,2,14,m
24,2,15,F
24,2,16,P
24,2,17,D
24,2,18,m
24,2,19,q
24,2,20,q
24,2,21,w
24,2,22,l
24,2,23,F
25,1,1,P
25,1,2,q
25,1,3,w
25,1,4,w
25,1,5,S
25,1,6,q
25,1,7,N
25,1,8,W
25,1,9,P
25,1,10,q
25,1,11,w
25,1,12,S
25,1,13,W
25,1,14,q
25,1,15,j
25,1,16,N
25,1,17,B
25,1,18,w
25,1,19,p
25,1,20,T
25,1,21,P
25,2,1,p
25,2,2,f
25,2,3,f
25,2,4,h
25,2,5,J
25,2,6,f
25,2,7,Z
25,2,8,f
25,2,9,s
25,2,10,t
25,2,11,R
25,2,12,t
25,2,13,Z
25,2,14,J
25,2,15,R
25,2,16,R
25,2,17,d
25,2,18,J
25,2,19,s
25,2,20,d
25,2,21,R
26,1,1,V
26,1,2,F
26,1,3,L
26,1,4,F
26,1,5,z
26,1,6,Q
26,1,7,V
26,1,8,g
26,1,9,V
26,1,10,n
26,1,11,D
26,1,12,V
26,2,1,j
26,2,2,h
26,2,3,d
26,2,4,J
26,2,5,H
26,2,6,s
26,2,7,v
26,2,8,h
26,2,9,Z
26,2,10,j
26,2,11,f
26,2,12,g
27,1,1,V
27,1,2,V
27,1,3,F
27,1,4,V
27,1,5,D
27,1,6,D
27,1,7,n
27,1,8,m
27,1,9,n
27,1,10,z
27,1,11,L
27,1,12,F
27,1,13,C
27,1,14,z
27,1,15,V
27,1,16,m
27,1,17,z
27,1,18,n
27,1,19,F
27,1,20,z
27,1,21,r
27,1,22,F
27,1,23,l
27,1,24,r
27,2,1,j
27,2,2,S
27,2,3,C
27,2,4,P
27,2,5,N
27,2,6,M
27,2,7,B
27,2,8,C
27,2,9,S
27,2,10,G
27,2,11,S
27,2,12,G
27,2,13,w
27,2,14,w
27,2,15,w
27,2,16,G
27,2,17,B
27,2,18,j
27,2,19,P
27,2,20,N
27,2,21,W
27,2,22,P
27,2,23,w
27,2,24,C
28,1,1,z
28,1,2,z
28,1,3,b
28,1,4,C
28,1,5,G
28,1,6,r
28,1,7,f
28,1,8,g
28,1,9,b
28,1,10,z
28,1,11,f
28,1,12,z
28,1,13,C
28,2,1,t
28,2,2,v
28,2,3,q
28,2,4,d
28,2,5,j
28,2,6,S
28,2,7,r
28,2,8,v
28,2,9,S
28,2,10,j
28,2,11,n
28,2,12,v
28,2,13,S
29,1,1,c
29,1,2,N
29,1,3,V
29,1,4,T
29,1,5,L
29,1,6,n
29,1,7,J
29,1,8,Z
29,1,9,R
29,1,10,N
29,1,11,N
29,1,12,m
29,1,13,Q
29,1,14,m
29,1,15,h
29,1,16,J
29,1,17,N
29,1,18,p
29,2,1,t
29,2,2,v
29,2,3,B
29,2,4,l
29,2,5,B
29,2,6,t
29,2,7,V
29,2,8,j
29,2,9,l
29,2,10,l
29,2,11,j
29,2,12,q
29,2,13,q
29,2,14,l
29,2,15,d
29,2,16,t
29,2,17,l
29,2,18,B
30,1,1,Z
30,1,2,h
30,1,3,p
30,1,4,c
30,1,5,J
30,1,6,H
30,1,7,L
30,1,8,Q
30,1,9,h
30,1,10,R
30,1,11,c
30,1,12,L
30,1,13,Z
30,1,14,L
30,1,15,m
30,1,16,N
30,1,17,Q
30,1,18,J
30,2,1,z
30,2,2,f
30,2,3,F
30,2,4,w
30,2,5,D
30,2,6,z
30,2,7,z
30,2,8,g
30,2,9,H
30,2,10,P
30,2,11,F
30,2,12,n
30,2,13,g
30,2,14,D
30,2,15,P
30,2,16,P
30,2,17,n
30,2,18,P
31,1,1,t
31,1,2,t
31,1,3,n
31,1,4,t
31,1,5,d
31,1,6,M
31,1,7,M
31,1,8,B
31,1,9,Z
31,1,10,z
31,1,11,b
31,1,12,Z
31,1,13,Z
31,1,14,t
31,2,1,j
31,2,2,P
31,2,3,f
31,2,4,w
31,2,5,j
31,2,6,w
31,2,7,T
31,2,8,w
31,2,9,B
31,2,10,v
31,2,11,v
31,2,12,V
31,2,13,m
31,2,14,h
32,1,1,l
32,1,2,l
32,1,3,S
32,1,4,l
32,1,5,l
32,1,6,R
32,1,7,R
32,1,8,N
32,1,9,s
32,1,10,G
32,1,11,C
32,1,12,r
32,1,13,C
32,1,14,D
32,2,1,T
32,2,2,P
32,2,3,f
32,2,4,g
32,2,5,V
32,2,6,g
32,2,7,T
32,2,8,f
32,2,9,g
32,2,10,v
32,2,11,s
32,2,12,j
32,2,13,P
32,2,14,H
33,1,1,C
33,1,2,F
33,1,3,c
33,1,4,l
33,1,5,c
33,1,6,C
33,1,7,W
33,1,8,G
33,1,9,r
33,1,10,J
33,1,11,N
33,1,12,D
33,1,13,S
33,2,1,n
33,2,2,n
33,2,3,W
33,2,4,M
33,2,5,b
33,2,6,Q
33,2,7,T
33,2,8,n
33,2,9,W
33,2,10,t
33,2,11,L
33,2,12,Q
33,2,13,d
34,1,1,b
34,1,2,c
34,1,3,c
34,1,4,f
34,1,5,d
34,1,6,S
34,1,7,f
34,1,8,w
34,1,9,F
34,1,10,s
34,1,11,s
34,1,12,w
34,1,13,c
34,1,14,b
34,1,15,b
34,1,16,d
34,1,17,J
34,1,18,F
34,2,1,G
34,2,2,Q
34,2,3,V
34,2,4,G
34,2,5,n
34,2,6,C
34,2,7,J
34,2,8,L
34,2,9,n
34,2,10,B
34,2,11,L
34,2,12,n
34,2,13,D
34,2,14,n
34,2,15,Q
34,2,16,L
34,2,17,D
34,2,18,j
35,1,1,T
35,1,2,h
35,1,3,v
35,1,4,H
35,1,5,Z
35,1,6,N
35,1,7,h
35,1,8,Z
35,1,9,m
35,1,10,q
35,1,11,N
35,1,12,W
35,1,13,M
35,1,14,N
35,1,15,q
35,1,16,v
35,2,1,D
35,2,2,V
35,2,3,j
35,2,4,c
35,2,5,j
35,2,6,j
35,2,7,B
35,2,8,Q
35,2,9,V
35,2,10,h
35,2,11,Q
35,2,12,B
35,2,13,B
35,2,14,V
35,2,15,L
35,2,16,B
36,1,1,v
36,1,2,W
36,1,3,M
36,1,4,Z
36,1,5,Z
36,1,6,N
36,1,7,R
36,1,8,m
36,1,9,N
36,1,10,M
36,1,11,W
36,1,12,q
36,1,13,t
36,1,14,W
36,1,15,q
36,1,16,m
36,1,17,q
36,1,18,H
36,1,19,c
36,2,1,l
36,2,2,f
36,2,3,F
36,2,4,g
36,2,5,d
36,2,6,l
36,2,7,w
36,2,8,R
36,2,9,w
36,2,10,r
36,2,11,z
36,2,12,z
36,2,13,S
36,2,14,f
36,2,15,w
36,2,16,b
36,2,17,F
36,2,18,R
36,2,19,d
37,1,1,W
37,1,2,N
37,1,3,z
37,1,4,R
37,1,5,W
37,1,6,W
37,1,7,Z
37,1,8,N
37,1,9,m
37,1,10,t
37,1,11,N
37,1,12,Z
37,1,13,n
37,1,14,s
37,1,15,s
37,1,16,N
37,1,17,R
37,1,18,P
37,2,1,t
37,2,2,C
37,2,3,J
37,2,4,F
37,2,5,Q
37,2,6,J
37,2,7,C
37,2,8,f
37,2,9,f
37,2,10,V
37,2,11,J
37,2,12,V
37,2,13,f
37,2,14,f
37,2,15,C
37,2,16,v
37,2,17,l
37,2,18,F
38,1,1,c
38,1,2,B
38,1,3,q
38,1,4,B
38,1,5,L
38,1,6,g
38,1,7,H
38,1,8,H
38,1,9,B
38,1,10,c
38,1,11,g
38,1,12,q
38,1,13,B
38,1,14,b
38,2,1,C
38,2,2,J
38,2,3,j
38,2,4,r
38,2,5,v
38,2,6,r
38,2,7,V
38,2,8,Q
38,2,9,J
38,2,10,f
38,2,11,s
38,2,12,H
38,2,13,l
38,2,14,r
39,1,1,D
39,1,2,h
39,1,3,D
39,1,4,S
39,1,5,h
39,1,6,w
39,1,7,c
39,1,8,h
39,1,9,B
39,1,10,S
39,1,11,b
39,1,12,d
39,1,13,w
39,1,14,B
39,1,15,s
39,1,16,q
39,1,17,g
39,1,18,G
39,1,19,c
39,1,20,b
39,1,21,g
39,2,1,T
39,2,2,T
39,2,3,R
39,2,4,m
39,2,5,z
39,2,6,d
39,2,7,N
39,2,8,W
39,2,9,m
39,2,10,M
39,2,11,R
39,2,12,M
39,2,13,m
39,2,14,T
39,2,15,d
39,2,16,N
39,2,17,p
39,2,18,T
39,2,19,M
39,2,20,m
39,2,21,W
40,1,1,F
40,1,2,H
40,1,3,W
40,1,4,Z
40,1,5,D
40,1,6,b
40,1,7,b
40,1,8,P
40,1,9,Z
40,1,10,D
40,1,11,F
40,1,12,H
40,1,13,g
40,1,14,G
40,1,15,G
40,1,16,P
40,1,17,d
40,1,18,P
40,1,19,b
40,2,1,J
40,2,2,N
40,2,3,L
40,2,4,p
40,2,5,J
40,2,6,S
40,2,7,l
40,2,8,N
40,2,9,j
40,2,10,c
40,2,11,j
40,2,12,S
40,2,13,p
40,2,14,h
40,2,15,c
40,2,16,J
40,2,17,j
40,2,18,F
40,2,19,N
41,1,1,Z
41,1,2,C
41,1,3,C
41,1,4,r
41,1,5,B
41,1,6,B
41,1,7,R
41,1,8,w
41,1,9,w
41,1,10,C
41,2,1,j
41,2,2,c
41,2,3,N
41,2,4,w
41,2,5,c
41,2,6,l
41,2,7,j
41,2,8,p
41,2,9,p
41,2,10,N
42,1,1,C
42,1,2,m
42,1,3,T
42,1,4,T
42,1,5,s
42,1,6,r
42,1,7,M
42,1,8,f
42,1,9,B
42,1,10,C
42,1,11,R
42,1,12,s
42,1,13,T
42,1,14,M
42,1,15,n
42,1,16,n
42,1,17,C
42,1,18,R
42,1,19,T
42,1,20,m
42,2,1,V
42,2,2,Z
42,2,3,b
42,2,4,g
42,2,5,d
42,2,6,b
42,2,7,d
42,2,8,G
42,2,9,f
42,2,10,W
42,2,11,H
42,2,12,P
42,2,13,D
42,2,14,V
42,2,15,v
42,2,16,d
42,2,17,b
42,2,18,b
42,2,19,P
42,2,20,V
43,1,1,c
43,1,2,g
43,1,3,S
43,1,4,N
43,1,5,B
43,1,6,S
43,1,7,c
43,1,8,M
43,1,9,g
43,1,10,j
43,1,11,B
43,1,12,B
43,1,13,P
43,1,14,t
43,1,15,B
43,1,16,C
43,1,17,N
43,1,18,L
43,2,1,V
43,2,2,v
43,2,3,V
43,2,4,V
43,2,5,v
43,2,6,h
43,2,7,h
43,2,8,J
43,2,9,J
43,2,10,h
43,2,11,v
43,2,12,s
43,2,13,M
43,2,14,h
43,2,15,V
43,2,16,f
43,2,17,W
43,2,18,q
44,1,1,T
44,1,2,F
44,1,3,l
44,1,4,D
44,1,5,r
44,1,6,H
44,1,7,P
44,1,8,Z
44,1,9,H
44,1,10,T
44,1,11,T
44,1,12,F
44,1,13,m
44,1,14,w
44,1,15,T
44,1,16,Q
44,1,17,H
44,1,18,Z
44,1,19,D
44,1,20,Z
44,1,21,T
44,1,22,r
44,2,1,q
44,2,2,v
44,2,3,v
44,2,4,z
44,2,5,q
44,2,6,l
44,2,7,J
44,2,8,p
44,2,9,p
44,2,10,V
44,2,11,J
44,2,12,v
44,2,13,p
44,2,14,f
44,2,15,f
44,2,16,h
44,2,17,q
44,2,18,q
44,2,19,V
44,2,20,f
44,2,21,J
44,2,22,p
45,1,1,D
45,1,2,b
45,1,3,P
45,1,4,w
45,1,5,r
45,1,6,T
45,1,7,Z
45,1,8,D
45,1,9,Q
45,1,10,D
45,1,11,R
45,1,12,Q
45,1,13,Q
45,1,14,w
45,1,15,Q
45,1,16,Z
45,1,17,r
45,1,18,D
45,1,19,r
45,1,20,b
45,1,21,b
45,1,22,Q
45,1,23,w
45,2,1,R
45,2,2,R
45,2,3,n
45,2,4,N
45,2,5,S
45,2,6,B
45,2,7,t
45,2,8,C
45,2,9,j
45,2,10,t
45,2,11,c
45,2,12,N
45,2,13,G
45,2,14,j
45,2,15,S
45,2,16,g
45,2,17,S
45,2,18,L
45,2,19,j
45,2,20,L
45,2,21,c
45,2,22,c
45,2,23,C
46,1,1,p
46,1,2,d
46,1,3,c
46,1,4,V
46,1,5,C
46,1,6,p
46,1,7,d
46,1,8,Z
46,1,9,n
46,1,10,Z
46,1,11,g
46,1,12,c
46,1,13,Z
46,1,14,g
46,1,15,d
46,2,1,c
46,2,2,D
46,2,3,W
46,2,4,B
46,2,5,D
46,2,6,N
46,2,7,c
46,2,8,N
46,2,9,w
46,2,10,v
46,2,11,B
46,2,12,W
46,2,13,J
46,2,14,w
46,2,15,c
47,1,1,R
47,1,2,R
47,1,3,m
47,1,4,H
47,1,5,s
47,1,6,p
47,1,7,R
47,1,8,m
47,1,9,m
47,1,10,Q
47,1,11,f
47,1,12,L
47,2,1,w
47,2,2,w
47,2,3,J
47,2,4,J
47,2,5,b
47,2,6,F
47,2,7,B
47,2,8,F
47,2,9,F
47,2,10,J
47,2,11,N
47,2,12,R
48,1,1,r
48,1,2,G
48,1,3,l
48,1,4,p
48,1,5,f
48,1,6,r
48,1,7,Q
48,1,8,r
48,2,1,q
48,2,2,G
48,2,3,h
48,2,4,G
48,2,5,q
48,2,6,d
48,2,7,G
48,2,8,P
49,1,1,T
49,1,2,H
49,1,3,h
49,1,4,N
49,1,5,s
49,1,6,H
49,1,7,h
49,1,8,d
49,1,9,F
49,1,10,j
49,1,11,c
49,1,12,D
49,1,13,t
49,1,14,h
49,1,15,D
49,1,16,c
49,1,17,j
49,1,18,D
49,1,19,h
49,2,1,L
49,2,2,B
49,2,3,q
49,2,4,W
49,2,5,c
49,2,6,L
49,2,7,L
49,2,8,Q
49,2,9,Q
49,2,10,J
49,2,11,v
49,2,12,v
49,2,13,B
49,2,14,b
49,2,15,v
49,2,16,B
49,2,17,J
49,2,18,b
49,2,19,l
50,1,1,G
50,1,2,f
50,1,3,r
50,1,4,C
50,1,5,S
50,1,6,Z
50,1,7,G
50,1,8,C
50,1,9,z
50,1,10,f
50,1,11,V
50,1,12,M
50,1,13,r
50,1,14,V
50,1,15,C
50,1,16,C
50,1,17,z
50,1,18,G
50,1,19,V
50,1,20,f
50,1,21,S
50,1,22,M
50,2,1,Q
50,2,2,B
50,2,3,B
50,2,4,F
50,2,5,l
50,2,6,J
50,2,7,l
50,2,8,J
50,2,9,B
50,2,10,F
50,2,11,F
50,2,12,Z
50,2,13,q
50,2,14,v
50,2,15,W
50,2,16,B
50,2,17,q
50,2,18,b
50,2,19,b
50,2,20,Q
50,2,21,W
50,2,22,l
51,1,1,r
51,1,2,S
51,1,3,r
51,1,4,F
51,1,5,w
51,1,6,C
51,1,7,w
51,1,8,z
51,1,9,M
51,1,10,M
51,1,11,z
51,1,12,R
51,1,13,f
51,1,14,G
51,1,15,r
51,1,16,G
51,1,17,M
51,1,18,w
51,1,19,P
51,1,20,f
51,1,21,G
51,1,22,C
51,1,23,V
51,2,1,d
51,2,2,g
51,2,3,H
51,2,4,D
51,2,5,t
51,2,6,t
51,2,7,t
51,2,8,h
51,2,9,N
51,2,10,P
51,2,11,s
51,2,12,s
51,2,13,H
51,2,14,j
51,2,15,m
51,2,16,N
51,2,17,N
51,2,18,d
51,2,19,D
51,2,20,j
51,2,21,g
51,2,22,d
51,2,23,D
52,1,1,s
52,1,2,h
52,1,3,m
52,1,4,h
52,1,5,g
52,1,6,g
52,1,7,D
52,1,8,s
52,1,9,Z
52,1,10,C
52,1,11,Z
52,1,12,W
52,1,13,B
52,1,14,D
52,1,15,m
52,1,16,s
52,1,17,Q
52,2,1,T
52,2,2,c
52,2,3,T
52,2,4,q
52,2,5,r
52,2,6,L
52,2,7,P
52,2,8,T
52,2,9,b
52,2,10,N
52,2,11,b
52,2,12,w
52,2,13,Q
52,2,14,Q
52,2,15,r
52,2,16,r
52,2,17,N
53,1,1,l
53,1,2,z
53,1,3,p
53,1,4,F
53,1,5,V
53,1,6,f
53,1,7,d
53,1,8,j
53,1,9,f
53,1,10,F
53,1,11,F
53,1,12,G
53,1,13,n
53,1,14,V
53,1,15,V
53,1,16,H
53,1,17,p
53,1,18,j
53,1,19,J
53,1,20,G
53,1,21,J
53,1,22,V
53,1,23,l
53,1,24,p
53,2,1,r
53,2,2,N
53,2,3,M
53,2,4,P
53,2,5,N
53,2,6,t
53,2,7,P
53,2,8,c
53,2,9,t
53,2,10,T
53,2,11,N
53,2,12,w
53,2,13,L
53,2,14,t
53,2,15,c
53,2,16,T
53,2,17,b
53,2,18,w
53,2,19,c
53,2,20,t
53,2,21,w
53,2,22,T
53,2,23,n
53,2,24,N
54,1,1,j
54,1,2,V
54,1,3,F
54,1,4,f
54,1,5,z
54,1,6,V
54,1,7,l
54,1,8,F
54,1,9,S
54,1,10,p
54,1,11,z
54,1,12,p
54,1,13,F
54,2,1,C
54,2,2,s
54,2,3,h
54,2,4,W
54,2,5,m
54,2,6,g
54,2,7,S
54,2,8,R
54,2,9,g
54,2,10,m
54,2,11,B
54,2,12,R
54,2,13,b
55,1,1,z
55,1,2,Z
55,1,3,G
55,1,4,F
55,1,5,N
55,1,6,P
55,1,7,m
55,1,8,d
55,1,9,P
55,1,10,d
55,1,11,s
55,1,12,z
55,1,13,d
55,1,14,W
55,1,15,d
55,1,16,d
55,1,17,G
55,1,18,W
55,1,19,Z
55,2,1,l
55,2,2,p
55,2,3,L
55,2,4,M
55,2,5,L
55,2,6,p
55,2,7,b
55,2,8,Q
55,2,9,b
55,2,10,L
55,2,11,D
55,2,12,p
55,2,13,b
55,2,14,l
55,2,15,z
55,2,16,Q
55,2,17,b
55,2,18,t
55,2,19,v
56,1,1,w
56,1,2,T
56,1,3,w
56,1,4,g
56,1,5,w
56,1,6,S
56,1,7,S
56,1,8,C
56,1,9,H
56,1,10,h
56,1,11,h
56,1,12,C
56,1,13,S
56,1,14,g
56,1,15,h
56,1,16,J
56,2,1,b
56,2,2,p
56,2,3,c
56,2,4,p
56,2,5,D
56,2,6,g
56,2,7,l
56,2,8,b
56,2,9,b
56,2,10,Q
56,2,11,b
56,2,12,M
56,2,13,V
56,2,14,M
56,2,15,p
56,2,16,V
57,1,1,B
57,1,2,H
57,1,3,n
57,1,4,B
57,1,5,R
57,1,6,r
57,1,7,J
57,1,8,C
57,1,9,H
57,2,1,m
57,2,2,R
57,2,3,N
57,2,4,f
57,2,5,G
57,2,6,D
57,2,7,m
57,2,8,f
57,2,9,m
58,1,1,C
58,1,2,f
58,1,3,f
58,1,4,g
58,1,5,v
58,1,6,f
58,1,7,C
58,1,8,R
58,1,9,G
58,1,10,n
58,1,11,g
58,1,12,R
58,1,13,r
58,1,14,v
58,1,15,G
58,1,16,v
58,1,17,g
58,1,18,d
58,1,19,n
58,1,20,R
58,1,21,V
58,2,1,p
58,2,2,P
58,2,3,Q
58,2,4,Q
58,2,5,P
58,2,6,S
58,2,7,q
58,2,8,b
58,2,9,V
58,2,10,Z
58,2,11,Z
58,2,12,D
58,2,13,P
58,2,14,D
58,2,15,V
58,2,16,P
58,2,17,z
58,2,18,F
58,2,19,S
58,2,20,S
58,2,21,Q
59,1,1,c
59,1,2,M
59,1,3,l
59,1,4,W
59,1,5,J
59,1,6,T
59,1,7,M
59,1,8,l
59,1,9,c
59,1,10,T
59,1,11,L
59,1,12,T
59,1,13,L
59,1,14,t
59,1,15,H
59,1,16,H
59,1,17,J
59,1,18,l
59,2,1,p
59,2,2,q
59,2,3,D
59,2,4,L
59,2,5,w
59,2,6,q
59,2,7,S
59,2,8,z
59,2,9,S
59,2,10,S
59,2,11,D
59,2,12,D
59,2,13,q
59,2,14,D
59,2,15,Z
59,2,16,D
59,2,17,D
59,2,18,S
60,1,1,t
60,1,2,m
60,1,3,H
60,1,4,T
60,1,5,t
60,1,6,l
60,1,7,M
60,1,8,m
60,1,9,W
60,1,10,p
60,1,11,m
60,1,12,s
60,1,13,M
60,1,14,J
60,1,15,s
60,2,1,C
60,2,2,R
60,2,3,d
60,2,4,C
60,2,5,N
60,2,6,s
60,2,7,r
60,2,8,R
60,2,9,G
60,2,10,f
60,2,11,r
60,2,12,n
60,2,13,f
60,2,14,f
60,2,15,N
61,1,1,l
61,1,2,N
61,1,3,r
61,1,4,z
61,1,5,N
61,1,6,H
61,1,7,N
61,1,8,w
61,1,9,z
61,1,10,Z
61,1,11,l
61,1,12,H
61,1,13,m
61,1,14,w
61,1,15,N
61,1,16,B
61,2,1,p
61,2,2,M
61,2,3,q
61,2,4,q
61,2,5,n
61,2,6,q
61,2,7,G
61,2,8,D
61,2,9,Z
61,2,10,S
61,2,11,p
61,2,12,M
61,2,13,T
61,2,14,G
61,2,15,n
61,2,16,b
62,1,1,d
62,1,2,d
62,1,3,j
62,1,4,g
62,1,5,F
62,1,6,j
62,1,7,j
62,1,8,s
62,1,9,R
62,1,10,v
62,1,11,G
62,1,12,v
62,1,13,Q
62,1,14,h
62,1,15,Q
62,1,16,v
62,1,17,v
62,1,18,F
62,1,19,j
62,2,1,q
62,2,2,b
62,2,3,V
62,2,4,T
62,2,5,F
62,2,6,p
62,2,7,b
62,2,8,V
62,2,9,p
62,2,10,F
62,2,11,D
62,2,12,J
62,2,13,S
62,2,14,b
62,2,15,J
62,2,16,V
62,2,17,p
62,2,18,T
62,2,19,S
63,1,1,c
63,1,2,j
63,1,3,s
63,1,4,Q
63,1,5,h
63,1,6,s
63,1,7,j
63,1,8,v
63,1,9,R
63,1,10,v
63,1,11,G
63,1,12,c
63,1,13,g
63,2,1,N
63,2,2,t
63,2,3,z
63,2,4,c
63,2,5,z
63,2,6,m
63,2,7,t
63,2,8,m
63,2,9,w
63,2,10,C
63,2,11,C
63,2,12,c
63,2,13,r
64,1,1,N
64,1,2,J
64,1,3,M
64,1,4,J
64,1,5,v
64,1,6,B
64,1,7,m
64,1,8,B
64,1,9,J
64,1,10,P
64,1,11,t
64,1,12,M
64,1,13,t
64,1,14,R
64,2,1,D
64,2,2,n
64,2,3,D
64,2,4,D
64,2,5,w
64,2,6,D
64,2,7,M
64,2,8,F
64,2,9,F
64,2,10,W
64,2,11,D
64,2,12,W
64,2,13,H
64,2,14,G
65,1,1,h
65,1,2,Z
65,1,3,s
65,1,4,r
65,1,5,z
65,1,6,s
65,1,7,h
65,1,8,p
65,1,9,S
65,1,10,d
65,1,11,j
65,1,12,Z
65,1,13,Z
65,1,14,q
65,1,15,S
65,1,16,S
65,1,17,f
65,1,18,g
65,1,19,p
65,2,1,D
65,2,2,w
65,2,3,n
65,2,4,w
65,2,5,F
65,2,6,n
65,2,7,G
65,2,8,C
65,2,9,C
65,2,10,L
65,2,11,H
65,2,12,D
65,2,13,b
65,2,14,j
65,2,15,n
65,2,16,G
65,2,17,C
65,2,18,W
65,2,19,G
66,1,1,z
66,1,2,f
66,1,3,g
66,1,4,S
66,1,5,p
66,1,6,S
66,1,7,c
66,1,8,s
66,1,9,r
66,1,10,d
66,1,11,p
66,2,1,m
66,2,2,l
66,2,3,l
66,2,4,t
66,2,5,t
66,2,6,G
66,2,7,v
66,2,8,J
66,2,9,G
66,2,10,c
66,2,11,m
67,1,1,G
67,1,2,L
67,1,3,s
67,1,4,n
67,1,5,L
67,1,6,V
67,1,7,L
67,1,8,Z
67,1,9,G
67,1,10,Z
67,1,11,m
67,1,12,c
67,1,13,G
67,1,14,V
67,1,15,p
67,1,16,g
67,1,17,Z
67,1,18,L
67,1,19,m
67,2,1,T
67,2,2,j
67,2,3,T
67,2,4,s
67,2,5,D
67,2,6,D
67,2,7,T
67,2,8,l
67,2,9,D
67,2,10,T
67,2,11,H
67,2,12,P
67,2,13,P
67,2,14,H
67,2,15,W
67,2,16,l
67,2,17,H
67,2,18,w
67,2,19,D
68,1,1,d
68,1,2,N
68,1,3,J
68,1,4,h
68,1,5,C
68,1,6,C
68,1,7,d
68,1,8,t
68,1,9,N
68,1,10,J
68,1,11,S
68,2,1,v
68,2,2,d
68,2,3,D
68,2,4,z
68,2,5,w
68,2,6,P
68,2,7,l
68,2,8,v
68,2,9,T
68,2,10,l
68,2,11,Q
69,1,1,B
69,1,2,C
69,1,3,b
69,1,4,B
69,1,5,r
69,1,6,P
69,1,7,P
69,1,8,f
69,1,9,R
69,1,10,M
69,1,11,f
69,1,12,M
69,1,13,J
69,1,14,S
69,1,15,f
69,1,16,f
69,1,17,r
69,1,18,M
69,1,19,C
69,1,20,M
69,1,21,C
69,1,22,h
69,1,23,r
69,1,24,S
69,2,1,q
69,2,2,V
69,2,3,c
69,2,4,m
69,2,5,L
69,2,6,L
69,2,7,F
69,2,8,p
69,2,9,q
69,2,10,L
69,2,11,F
69,2,12,F
69,2,13,c
69,2,14,g
69,2,15,g
69,2,16,L
69,2,17,V
69,2,18,n
69,2,19,q
69,2,20,g
69,2,21,m
69,2,22,b
69,2,23,g
69,2,24,c
70,1,1,h
70,1,2,M
70,1,3,d
70,1,4,j
70,1,5,M
70,1,6,n
70,1,7,d
70,1,8,Z
70,1,9,L
70,1,10,R
70,1,11,n
70,1,12,R
70,1,13,n
70,1,14,j
70,2,1,c
70,2,2,l
70,2,3,s
70,2,4,z
70,2,5,L
70,2,6,c
70,2,7,l
70,2,8,Q
70,2,9,l
70,2,10,z
70,2,11,G
70,2,12,w
70,2,13,c
70,2,14,r
71,1,1,F
71,1,2,P
71,1,3,C
71,1,4,C
71,1,5,S
71,1,6,C
71,1,7,S
71,1,8,p
71,1,9,C
71,1,10,w
71,1,11,S
71,1,12,t
71,1,13,J
71,1,14,V
71,2,1,G
71,2,2,z
71,2,3,s
71,2,4,P
71,2,5,Q
71,2,6,G
71,2,7,s
71,2,8,l
71,2,9,G
71,2,10,z
71,2,11,P
71,2,12,b
71,2,13,s
71,2,14,Q
72,1,1,T
72,1,2,S
72,1,3,S
72,1,4,J
72,1,5,T
72,1,6,t
72,1,7,f
72,1,8,T
72,1,9,F
72,1,10,T
72,1,11,w
72,1,12,t
72,1,13,m
72,1,14,T
72,1,15,F
72,1,16,F
72,1,17,V
72,1,18,F
72,1,19,D
72,1,20,T
72,2,1,W
72,2,2,R
72,2,3,v
72,2,4,d
72,2,5,g
72,2,6,n
72,2,7,d
72,2,8,j
72,2,9,j
72,2,10,R
72,2,11,h
72,2,12,n
72,2,13,j
72,2,14,n
72,2,15,v
72,2,16,H
72,2,17,j
72,2,18,d
72,2,19,f
72,2,20,R
73,1,1,Z
73,1,2,w
73,1,3,g
73,1,4,s
73,1,5,n
73,1,6,s
73,1,7,W
73,1,8,s
73,1,9,W
73,1,10,v
73,1,11,W
73,1,12,Q
73,1,13,H
73,2,1,q
73,2,2,J
73,2,3,h
73,2,4,G
73,2,5,h
73,2,6,J
73,2,7,V
73,2,8,C
73,2,9,J
73,2,10,H
73,2,11,h
73,2,12,C
73,2,13,J
74,1,1,c
74,1,2,d
74,1,3,j
74,1,4,l
74,1,5,M
74,1,6,W
74,1,7,R
74,1,8,R
74,2,1,M
74,2,2,h
74,2,3,J
74,2,4,L
74,2,5,C
74,2,6,p
74,2,7,L
74,2,8,L
75,1,1,j
75,1,2,j
75,1,3,S
75,1,4,R
75,1,5,m
75,1,6,R
75,1,7,m
75,1,8,N
75,1,9,R
75,1,10,N
75,1,11,W
75,1,12,B
75,1,13,m
75,1,14,d
75,1,15,m
75,1,16,c
75,1,17,W
75,1,18,j
75,1,19,l
75,1,20,D
75,1,21,W
75,1,22,F
75,2,1,P
75,2,2,s
75,2,3,w
75,2,4,s
75,2,5,P
75,2,6,t
75,2,7,n
75,2,8,Z
75,2,9,Q
75,2,10,s
75,2,11,n
75,2,12,B
75,2,13,s
75,2,14,n
75,2,15,Z
75,2,16,v
75,2,17,v
75,2,18,T
75,2,19,T
75,2,20,n
75,2,21,v
75,2,22,T
76,1,1,v
76,1,2,v
76,1,3,b
76,1,4,j
76,1,5,L
76,1,6,T
76,1,7,P
76,1,8,b
76,1,9,Q
76,1,10,z
76,1,11,r
76,1,12,Q
76,1,13,Q
76,1,14,j
76,1,15,p
76,1,16,L
76,1,17,z
76,1,18,L
76,1,19,b
76,2,1,f
76,2,2,l
76,2,3,f
76,2,4,j
76,2,5,f
76,2,6,R
76,2,7,D
76,2,8,D
76,2,9,s
76,2,10,D
76,2,11,l
76,2,12,R
76,2,13,f
76,2,14,g
76,2,15,D
76,2,16,n
76,2,17,n
76,2,18,V
76,2,19,D
77,1,1,Z
77,1,2,G
77,1,3,C
77,1,4,t
77,1,5,H
77,1,6,H
77,1,7,F
77,1,8,G
77,1,9,z
77,1,10,F
77,1,11,H
77,1,12,h
77,1,13,M
77,2,1,l
77,2,2,C
77,2,3,n
77,2,4,D
77,2,5,q
77,2,6,w
77,2,7,l
77,2,8,g
77,2,9,g
77,2,10,g
77,2,11,s
77,2,12,q
77,2,13,f
78,1,1,F
78,1,2,J
78,1,3,H
78,1,4,M
78,1,5,h
78,1,6,H
78,1,7,Z
78,1,8,G
78,1,9,m
78,1,10,N
78,1,11,H
78,1,12,t
78,1,13,J
78,1,14,h
78,1,15,M
78,1,16,h
78,1,17,B
78,1,18,J
78,1,19,Z
78,1,20,Z
78,1,21,t
78,1,22,Z
78,2,1,d
78,2,2,r
78,2,3,b
78,2,4,S
78,2,5,b
78,2,6,S
78,2,7,z
78,2,8,b
78,2,9,m
78,2,10,W
78,2,11,L
78,2,12,L
78,2,13,Q
78,2,14,r
78,2,15,Q
78,2,16,T
78,2,17,b
78,2,18,P
78,2,19,d
78,2,20,b
78,2,21,r
78,2,22,S
79,1,1,Z
79,1,2,C
79,1,3,l
79,1,4,G
79,1,5,V
79,1,6,C
79,1,7,v
79,1,8,L
79,1,9,Z
79,1,10,z
79,1,11,C
79,1,12,L
79,1,13,B
79,1,14,V
79,1,15,b
79,1,16,d
79,1,17,G
79,1,18,G
79,1,19,z
79,1,20,V
79,1,21,V
79,1,22,B
79,1,23,v
79,1,24,V
79,2,1,r
79,2,2,q
79,2,3,Q
79,2,4,M
79,2,5,D
79,2,6,W
79,2,7,M
79,2,8,H
79,2,9,r
79,2,10,g
79,2,11,m
79,2,12,g
79,2,13,Q
79,2,14,L
79,2,15,W
79,2,16,r
79,2,17,W
79,2,18,m
79,2,19,T
79,2,20,g
79,2,21,q
79,2,22,q
79,2,23,H
79,2,24,H
80,1,1,t
80,1,2,N
80,1,3,p
80,1,4,N
80,1,5,s
80,1,6,p
80,1,7,c
80,1,8,Q
80,1,9,P
80,1,10,f
80,2,1,H
80,2,2,m
80,2,3,q
80,2,4,f
80,2,5,g
80,2,6,H
80,2,7,m
80,2,8,H
80,2,9,H
80,2,10,g
81,1,1,n
81,1,2,N
81,1,3,t
81,1,4,t
81,1,5,n
81,1,6,w
81,1,7,P
81,1,8,R
81,1,9,j
81,1,10,F
81,1,11,t
81,1,12,P
81,1,13,c
81,1,14,c
81,1,15,c
81,1,16,s
81,1,17,F
81,1,18,p
81,1,19,t
81,1,20,P
81,2,1,l
81,2,2,l
81,2,3,l
81,2,4,Q
81,2,5,G
81,2,6,l
81,2,7,Q
81,2,8,Z
81,2,9,b
81,2,10,v
81,2,11,G
81,2,12,z
81,2,13,V
81,2,14,V
81,2,15,V
81,2,16,F
81,2,17,z
81,2,18,h
81,2,19,C
81,2,20,d
82,1,1,l
82,1,2,f
82,1,3,l
82,1,4,m
82,1,5,V
82,1,6,W
82,1,7,p
82,1,8,D
82,1,9,V
82,1,10,s
82,1,11,M
82,1,12,m
82,1,13,m
82,1,14,V
82,1,15,P
82,1,16,l
82,1,17,H
82,1,18,V
82,2,1,b
82,2,2,b
82,2,3,G
82,2,4,S
82,2,5,S
82,2,6,b
82,2,7,G
82,2,8,n
82,2,9,S
82,2,10,H
82,2,11,J
82,2,12,c
82,2,13,n
82,2,14,c
82,2,15,n
82,2,16,L
82,2,17,Z
82,2,18,n
83,1,1,N
83,1,2,v
83,1,3,T
83,1,4,F
83,1,5,z
83,1,6,N
83,1,7,w
83,1,8,z
83,1,9,T
83,1,10,Q
83,1,11,v
83,1,12,h
83,1,13,F
83,2,1,G
83,2,2,S
83,2,3,Z
83,2,4,n
83,2,5,v
83,2,6,g
83,2,7,r
83,2,8,b
83,2,9,g
83,2,10,J
83,2,11,C
83,2,12,g
83,2,13,r
84,1,1,j
84,1,2,t
84,1,3,R
84,1,4,w
84,1,5,T
84,1,6,Q
84,1,7,F
84,1,8,z
84,1,9,j
84,1,10,B
84,1,11,N
84,1,12,G
84,1,13,G
84,1,14,Q
84,1,15,Q
84,1,16,B
84,1,17,d
84,2,1,D
84,2,2,s
84,2,3,D
84,2,4,q
84,2,5,q
84,2,6,l
84,2,7,s
84,2,8,V
84,2,9,q
84,2,10,R
84,2,11,f
84,2,12,l
84,2,13,M
84,2,14,l
84,2,15,P
84,2,16,s
84,2,17,P
85,1,1,r
85,1,2,C
85,1,3,S
85,1,4,J
85,1,5,P
85,1,6,C
85,1,7,r
85,1,8,B
85,1,9,w
85,1,10,w
85,1,11,M
85,1,12,d
85,1,13,B
85,1,14,J
85,1,15,R
85,1,16,C
85,1,17,r
85,1,18,w
85,2,1,M
85,2,2,T
85,2,3,G
85,2,4,W
85,2,5,T
85,2,6,W
85,2,7,N
85,2,8,b
85,2,9,c
85,2,10,j
85,2,11,G
85,2,12,Z
85,2,13,N
85,2,14,G
85,2,15,G
85,2,16,Z
85,2,17,T
85,2,18,b
86,1,1,q
86,1,2,z
86,1,3,g
86,1,4,q
86,1,5,f
86,1,6,g
86,1,7,F
86,1,8,g
86,1,9,h
86,1,10,s
86,1,11,H
86,1,12,z
86,1,13,f
86,1,14,g
86,1,15,H
86,1,16,g
86,1,17,m
86,1,18,m
86,1,19,f
86,2,1,W
86,2,2,G
86,2,3,N
86,2,4,G
86,2,5,G
86,2,6,W
86,2,7,c
86,2,8,N
86,2,9,N
86,2,10,F
86,2,11,C
86,2,12,l
86,2,13,b
86,2,14,W
86,2,15,l
86,2,16,c
86,2,17,C
86,2,18,N
86,2,19,W
87,1,1,D
87,1,2,q
87,1,3,s
87,1,4,n
87,1,5,z
87,1,6,s
87,1,7,H
87,1,8,L
87,1,9,h
87,2,1,d
87,2,2,d
87,2,3,B
87,2,4,D
87,2,5,w
87,2,6,C
87,2,7,R
87,2,8,J
87,2,9,R
88,1,1,s
88,1,2,Z
88,1,3,p
88,1,4,H
88,1,5,j
88,1,6,Z
88,1,7,r
88,1,8,V
88,1,9,Q
88,1,10,m
88,1,11,c
88,1,12,r
88,2,1,b
88,2,2,h
88,2,3,b
88,2,4,t
88,2,5,h
88,2,6,z
88,2,7,h
88,2,8,F
88,2,9,H
88,2,10,z
88,2,11,h
88,2,12,H
89,1,1,Q
89,1,2,D
89,1,3,P
89,1,4,M
89,1,5,D
89,1,6,M
89,1,7,n
89,1,8,d
89,1,9,q
89,1,10,q
89,1,11,Q
89,1,12,G
89,1,13,q
89,1,14,Q
89,1,15,f
89,1,16,C
89,1,17,D
89,1,18,D
89,2,1,b
89,2,2,h
89,2,3,F
89,2,4,t
89,2,5,z
89,2,6,z
89,2,7,L
89,2,8,t
89,2,9,b
89,2,10,W
89,2,11,z
89,2,12,l
89,2,13,B
89,2,14,L
89,2,15,L
89,2,16,P
89,2,17,B
89,2,18,W
90,1,1,T
90,1,2,D
90,1,3,M
90,1,4,D
90,1,5,q
90,1,6,f
90,1,7,G
90,1,8,n
90,1,9,J
90,1,10,S
90,1,11,n
90,1,12,f
90,1,13,n
90,1,14,f
90,2,1,v
90,2,2,g
90,2,3,j
90,2,4,s
90,2,5,j
90,2,6,N
90,2,7,g
90,2,8,J
90,2,9,v
90,2,10,s
90,2,11,j
90,2,12,V
90,2,13,Q
90,2,14,v
91,1,1,b
91,1,2,D
91,1,3,Z
91,1,4,Q
91,1,5,b
91,1,6,Z
91,1,7,H
91,1,8,d
91,1,9,Q
91,1,10,Q
91,1,11,g
91,1,12,g
91,1,13,Z
91,1,14,f
91,2,1,t
91,2,2,t
91,2,3,J
91,2,4,j
91,2,5,G
91,2,6,n
91,2,7,p
91,2,8,l
91,2,9,S
91,2,10,n
91,2,11,l
91,2,12,d
91,2,13,s
91,2,14,G
92,1,1,F
92,1,2,T
92,1,3,r
92,1,4,F
92,1,5,C
92,1,6,v
92,1,7,W
92,1,8,B
92,1,9,W
92,1,10,z
92,1,11,T
92,1,12,N
92,1,13,S
92,1,14,P
92,1,15,N
92,1,16,v
92,1,17,R
92,1,18,B
92,2,1,G
92,2,2,J
92,2,3,s
92,2,4,G
92,2,5,j
92,2,6,p
92,2,7,s
92,2,8,J
92,2,9,j
92,2,10,s
92,2,11,t
92,2,12,m
92,2,13,C
92,2,14,L
92,2,15,t
92,2,16,j
92,2,17,C
92,2,18,t
93,1,1,r
93,1,2,h
93,1,3,B
93,1,4,v
93,1,5,z
93,1,6,R
93,1,7,V
93,1,8,R
93,1,9,B
93,1,10,B
93,2,1,S
93,2,2,V
93,2,3,H
93,2,4,D
93,2,5,H
93,2,6,c
93,2,7,H
93,2,8,M
93,2,9,H
93,2,10,q
94,1,1,F
94,1,2,S
94,1,3,b
94,1,4,S
94,1,5,N
94,1,6,Z
94,1,7,b
94,1,8,Z
94,1,9,b
94,1,10,z
94,1,11,G
94,1,12,z
94,1,13,G
94,1,14,G
94,1,15,b
94,1,16,N
94,1,17,z
94,1,18,G
94,1,19,g
94,1,20,c
94,1,21,Z
94,2,1,P
94,2,2,w
94,2,3,l
94,2,4,D
94,2,5,P
94,2,6,v
94,2,7,l
94,2,8,N
94,2,9,m
94,2,10,L
94,2,11,L
94,2,12,L
94,2,13,w
94,2,14,L
94,2,15,L
94,2,16,l
94,2,17,L
94,2,18,v
94,2,19,v
94,2,20,v
94,2,21,l
95,1,1,p
95,1,2,q
95,1,3,n
95,1,4,q
95,1,5,p
95,1,6,V
95,1,7,C
95,1,8,r
95,1,9,p
95,1,10,s
95,1,11,h
95,1,12,q
95,1,13,m
95,1,14,C
95,1,15,h
95,1,16,s
95,1,17,Q
95,1,18,n
95,1,19,n
95,1,20,R
95,1,21,p
95,1,22,R
95,1,23,C
95,2,1,l
95,2,2,d
95,2,3,D
95,2,4,H
95,2,5,v
95,2,6,D
95,2,7,H
95,2,8,L
95,2,9,j
95,2,10,D
95,2,11,l
95,2,12,v
95,2,13,P
95,2,14,w
95,2,15,d
95,2,16,d
95,2,17,l
95,2,18,w
95,2,19,P
95,2,20,t
95,2,21,w
95,2,22,D
95,2,23,V
96,1,1,r
96,1,2,R
96,1,3,T
96,1,4,C
96,1,5,n
96,1,6,n
96,1,7,p
96,1,8,C
96,1,9,W
96,1,10,C
96,1,11,C
96,1,12,h
96,1,13,T
96,1,14,r
96,1,15,W
96,1,16,s
96,1,17,r
96,2,1,B
96,2,2,T
96,2,3,f
96,2,4,b
96,2,5,c
96,2,6,F
96,2,7,F
96,2,8,m
96,2,9,F
96,2,10,S
96,2,11,S
96,2,12,m
96,2,13,f
96,2,14,B
96,2,15,B
96,2,16,G
96,2,17,g
97,1,1,Q
97,1,2,d
97,1,3,h
97,1,4,d
97,1,5,W
97,1,6,D
97,1,7,s
97,1,8,H
97,1,9,h
97,1,10,H
97,1,11,W
97,2,1,z
97,2,2,P
97,2,3,r
97,2,4,L
97,2,5,P
97,2,6,S
97,2,7,C
97,2,8,P
97,2,9,G
97,2,10,v
97,2,11,s
98,1,1,g
98,1,2,p
98,1,3,Z
98,1,4,Z
98,1,5,m
98,1,6,N
98,1,7,m
98,1,8,t
98,1,9,j
98,1,10,Z
98,1,11,w
98,1,12,p
98,1,13,B
98,1,14,Z
98,1,15,B
98,1,16,Z
98,1,17,g
98,2,1,S
98,2,2,n
98,2,3,v
98,2,4,F
98,2,5,c
98,2,6,G
98,2,7,P
98,2,8,r
98,2,9,r
98,2,10,v
98,2,11,m
98,2,12,n
98,2,13,c
98,2,14,n
98,2,15,v
98,2,16,m
98,2,17,C
99,1,1,R
99,1,2,V
99,1,3,V
99,1,4,R
99,1,5,j
99,1,6,Z
99,1,7,J
99,1,8,f
99,1,9,J
99,1,10,V
99,1,11,f
99,1,12,V
99,1,13,B
99,1,14,Z
99,1,15,V
99,1,16,t
99,1,17,B
99,1,18,N
99,1,19,B
99,1,20,V
99,1,21,p
99,1,22,p
99,1,23,Z
99,1,24,V
99,2,1,D
99,2,2,q
99,2,3,M
99,2,4,H
99,2,5,h
99,2,6,q
99,2,7,T
99,2,8,b
99,2,9,M
99,2,10,G
99,2,11,l
99,2,12,W
99,2,13,H
99,2,14,Q
99,2,15,h
99,2,16,h
99,2,17,W
99,2,18,l
99,2,19,d
99,2,20,R
99,2,21,M
99,2,22,H
99,2,23,W
99,2,24,d
100,1,1,B
100,1,2,P
100,1,3,W
100,1,4,Q
100,1,5,r
100,1,6,R
100,1,7,R
100,1,8,N
100,1,9,N
100,1,10,M
100,1,11,h
100,1,12,r
100,2,1,H
100,2,2,h
100,2,3,L
100,2,4,q
100,2,5,q
100,2,6,G
100,2,7,g
100,2,8,j
100,2,9,D
100,2,10,J
100,2,11,j
100,2,12,H
101,1,1,T
101,1,2,z
101,1,3,V
101,1,4,m
101,1,5,m
101,1,6,p
101,1,7,m
101,1,8,t
101,1,9,C
101,1,10,N
101,1,11,w
101,1,12,s
101,1,13,c
101,1,14,T
101,1,15,z
101,1,16,s
101,1,17,z
101,1,18,c
101,1,19,N
101,1,20,z
101,2,1,D
101,2,2,C
101,2,3,f
101,2,4,C
101,2,5,H
101,2,6,J
101,2,7,q
101,2,8,D
101,2,9,f
101,2,10,G
101,2,11,j
101,2,12,D
101,2,13,J
101,2,14,J
101,2,15,g
101,2,16,f
101,2,17,G
101,2,18,C
101,2,19,D
101,2,20,q
102,1,1,w
102,1,2,d
102,1,3,w
102,1,4,m
102,1,5,s
102,1,6,p
102,1,7,T
102,1,8,s
102,1,9,V
102,1,10,d
102,1,11,l
102,1,12,T
102,1,13,c
102,1,14,p
102,1,15,b
102,1,16,m
102,1,17,V
102,2,1,M
102,2,2,P
102,2,3,W
102,2,4,B
102,2,5,b
102,2,6,B
102,2,7,W
102,2,8,R
102,2,9,P
102,2,10,N
102,2,11,n
102,2,12,F
102,2,13,n
102,2,14,B
102,2,15,W
102,2,16,M
102,2,17,r
103,1,1,V
103,1,2,Z
103,1,3,T
103,1,4,n
103,1,5,V
103,1,6,n
103,1,7,s
103,1,8,g
103,1,9,r
103,1,10,j
103,1,11,j
103,1,12,s
103,2,1,q
103,2,2,P
103,2,3,z
103,2,4,P
103,2,5,w
103,2,6,W
103,2,7,g
103,2,8,W
103,2,9,P
103,2,10,g
103,2,11,h
103,2,12,z
104,1,1,m
104,1,2,c
104,1,3,F
104,1,4,d
104,1,5,Q
104,1,6,G
104,1,7,P
104,1,8,M
104,1,9,B
104,1,10,d
104,1,11,M
104,1,12,S
104,1,13,B
104,1,14,d
104,2,1,W
104,2,2,b
104,2,3,h
104,2,4,R
104,2,5,z
104,2,6,z
104,2,7,W
104,2,8,q
104,2,9,w
104,2,10,L
104,2,11,w
104,2,12,c
104,2,13,W
104,2,14,t
105,1,1,G
105,1,2,Q
105,1,3,P
105,1,4,B
105,1,5,v
105,1,6,p
105,1,7,f
105,1,8,v
105,1,9,N
105,1,10,v
105,1,11,F
105,1,12,P
105,1,13,B
105,1,14,v
105,2,1,T
105,2,2,n
105,2,3,f
105,2,4,j
105,2,5,n
105,2,6,Z
105,2,7,D
105,2,8,H
105,2,9,D
105,2,10,D
105,2,11,j
105,2,12,s
105,2,13,r
105,2,14,r
106,1,1,C
106,1,2,Z
106,1,3,s
106,1,4,s
106,1,5,C
106,1,6,N
106,1,7,F
106,1,8,J
106,1,9,B
106,1,10,m
106,1,11,B
106,1,12,N
106,1,13,F
106,1,14,m
106,1,15,F
106,1,16,B
106,1,17,N
106,1,18,w
106,1,19,B
106,1,20,F
106,1,21,C
106,1,22,J
106,1,23,F
106,1,24,T
106,2,1,t
106,2,2,t
106,2,3,h
106,2,4,G
106,2,5,r
106,2,6,r
106,2,7,S
106,2,8,T
106,2,9,h
106,2,10,t
106,2,11,S
106,2,12,g
106,2,13,S
106,2,14,R
106,2,15,t
106,2,16,S
106,2,17,f
106,2,18,R
106,2,19,T
106,2,20,G
106,2,21,t
106,2,22,R
106,2,23,r
106,2,24,g
107,1,1,L
107,1,2,D
107,1,3,p
107,1,4,D
107,1,5,b
107,1,6,n
107,1,7,j
107,1,8,j
107,1,9,D
107,2,1,G
107,2,2,p
107,2,3,g
107,2,4,g
107,2,5,G
107,2,6,r
107,2,7,v
107,2,8,G
107,2,9,g
108,1,1,P
108,1,2,L
108,1,3,M
108,1,4,W
108,1,5,n
108,1,6,W
108,1,7,Q
108,1,8,g
108,1,9,b
108,1,10,Q
108,1,11,W
108,1,12,n
108,1,13,W
108,1,14,b
108,1,15,n
108,1,16,b
108,1,17,j
108,1,18,q
108,1,19,D
108,1,20,b
108,2,1,s
108,2,2,z
108,2,3,H
108,2,4,w
108,2,5,w
108,2,6,z
108,2,7,w
108,2,8,m
108,2,9,N
108,2,10,s
108,2,11,F
108,2,12,Z
108,2,13,M
108,2,14,B
108,2,15,m
108,2,16,w
108,2,17,J
108,2,18,F
108,2,19,Z
108,2,20,F
109,1,1,h
109,1,2,Q
109,1,3,S
109,1,4,j
109,1,5,F
109,1,6,L
109,1,7,h
109,1,8,F
109,1,9,L
109,1,10,L
109,1,11,M
109,1,12,S
109,1,13,S
109,1,14,F
109,2,1,g
109,2,2,d
109,2,3,W
109,2,4,T
109,2,5,M
109,2,6,d
109,2,7,G
109,2,8,g
109,2,9,N
109,2,10,b
109,2,11,N
109,2,12,b
109,2,13,W
109,2,14,v
110,1,1,J
110,1,2,m
110,1,3,P
110,1,4,l
110,1,5,l
110,1,6,t
110,1,7,J
110,1,8,B
110,1,9,J
110,1,10,q
110,1,11,m
110,1,12,z
110,1,13,p
110,2,1,b
110,2,2,r
110,2,3,r
110,2,4,w
110,2,5,T
110,2,6,w
110,2,7,r
110,2,8,v
110,2,9,v
110,2,10,G
110,2,11,q
110,2,12,w
110,2,13,w
111,1,1,H
111,1,2,B
111,1,3,z
111,1,4,z
111,1,5,t
111,1,6,R
111,1,7,B
111,1,8,R
111,1,9,p
111,1,10,l
111,1,11,z
111,1,12,l
111,1,13,m
111,1,14,H
111,1,15,m
111,1,16,R
111,1,17,m
111,1,18,m
111,1,19,s
111,1,20,p
111,1,21,l
111,1,22,R
111,1,23,J
111,2,1,Z
111,2,2,c
111,2,3,f
111,2,4,F
111,2,5,c
111,2,6,L
111,2,7,F
111,2,8,f
111,2,9,H
111,2,10,S
111,2,11,L
111,2,12,j
111,2,13,S
111,2,14,Z
111,2,15,T
111,2,16,c
111,2,17,f
111,2,18,V
111,2,19,V
111,2,20,c
111,2,21,L
111,2,22,V
111,2,23,H
112,1,1,n
112,1,2,B
112,1,3,S
112,1,4,Q
112,1,5,M
112,1,6,n
112,1,7,V
112,1,8,Q
112,1,9,q
112,1,10,J
112,1,11,B
112,1,12,G
112,1,13,n
112,2,1,f
112,2,2,V
112,2,3,f
112,2,4,D
112,2,5,g
112,2,6,C
112,2,7,r
112,2,8,j
112,2,9,b
112,2,10,V
112,2,11,b
112,2,12,t
112,2,13,C
113,1,1,F
113,1,2,N
113,1,3,c
113,1,4,P
113,1,5,P
113,1,6,H
113,1,7,d
113,1,8,T
113,1,9,d
113,1,10,h
113,1,11,m
113,1,12,B
113,1,13,d
113,1,14,H
113,1,15,B
113,1,16,v
113,1,17,w
113,2,1,l
113,2,2,Z
113,2,3,j
113,2,4,b
113,2,5,C
113,2,6,l
113,2,7,C
113,2,8,l
113,2,9,f
113,2,10,c
113,2,11,Z
113,2,12,g
113,2,13,j
113,2,14,c
113,2,15,l
113,2,16,g
113,2,17,j
114,1,1,v
114,1,2,F
114,1,3,d
114,1,4,H
114,1,5,W
114,1,6,h
114,1,7,T
114,1,8,L
114,1,9,H
114,1,10,v
114,2,1,n
114,2,2,B
114,2,3,R
114,2,4,R
114,2,5,q
114,2,6,B
114,2,7,s
114,2,8,W
114,2,9,S
114,2,10,R
115,1,1,T
115,1,2,R
115,1,3,s
115,1,4,N
115,1,5,N
115,1,6,T
115,1,7,T
115,1,8,H
115,1,9,R
115,1,10,R
115,1,11,Z
115,1,12,R
115,1,13,R
115,1,14,s
115,1,15,R
115,2,1,z
115,2,2,J
115,2,3,Q
115,2,4,d
115,2,5,d
115,2,6,S
115,2,7,p
115,2,8,J
115,2,9,L
115,2,10,c
115,2,11,Q
115,2,12,d
115,2,13,p
115,2,14,j
115,2,15,s
116,1,1,D
116,1,2,M
116,1,3,V
116,1,4,P
116,1,5,V
116,1,6,V
116,1,7,G
116,1,8,m
116,1,9,M
116,1,10,G
116,1,11,W
116,1,12,M
116,1,13,G
116,1,14,t
116,1,15,M
116,1,16,g
116,1,17,G
116,1,18,t
116,1,19,D
116,1,20,l
116,1,21,m
116,1,22,M
116,1,23,W
116,1,24,w
116,2,1,L
116,2,2,L
116,2,3,L
116,2,4,p
116,2,5,J
116,2,6,f
116,2,7,S
116,2,8,f
116,2,9,p
116,2,10,j
116,2,11,z
116,2,12,p
116,2,13,d
116,2,14,Q
116,2,15,d
116,2,16,d
116,2,17,L
116,2,18,S
116,2,19,m
116,2,20,S
116,2,21,S
116,2,22,J
116,2,23,d
116,2,24,c
117,1,1,t
117,1,2,V
117,1,3,M
117,1,4,g
117,1,5,G
117,1,6,M
117,1,7,D
117,1,8,w
117,1,9,M
117,1,10,g
117,1,11,M
117,1,12,W
117,1,13,D
117,1,14,B
117,1,15,W
117,1,16,M
117,1,17,t
117,1,18,t
117,1,19,j
117,2,1,R
117,2,2,B
117,2,3,Z
117,2,4,N
117,2,5,n
117,2,6,v
117,2,7,N
117,2,8,C
117,2,9,N
117,2,10,Z
117,2,11,r
117,2,12,Z
117,2,13,Z
117,2,14,R
117,2,15,b
117,2,16,Z
117,2,17,N
117,2,18,v
117,2,19,Z
118,1,1,w
118,1,2,l
118,1,3,J
118,1,4,P
118,1,5,V
118,1,6,M
118,1,7,J
118,1,8,P
118,1,9,P
118,1,10,B
118,1,11,S
118,1,12,h
118,1,13,S
118,1,14,l
118,1,15,h
118,2,1,g
118,2,2,f
118,2,3,T
118,2,4,v
118,2,5,g
118,2,6,N
118,2,7,N
118,2,8,z
118,2,9,z
118,2,10,g
118,2,11,N
118,2,12,M
118,2,13,C
118,2,14,T
118,2,15,g
119,1,1,F
119,1,2,L
119,1,3,t
119,1,4,R
119,1,5,n
119,1,6,D
119,1,7,D
119,1,8,S
119,2,1,r
119,2,2,v
119,2,3,d
119,2,4,N
119,2,5,d
119,2,6,r
119,2,7,n
119,2,8,g
120,1,1,F
120,1,2,c
120,1,3,S
120,1,4,m
120,1,5,p
120,1,6,F
120,1,7,Z
120,1,8,F
120,1,9,F
120,1,10,m
120,1,11,m
120,1,12,j
120,2,1,W
120,2,2,q
120,2,3,P
120,2,4,W
120,2,5,J
120,2,6,b
120,2,7,m
120,2,8,h
120,2,9,G
120,2,10,q
120,2,11,q
120,2,12,m
121,1,1,h
121,1,2,l
121,1,3,B
121,1,4,q
121,1,5,q
121,1,6,T
121,1,7,l
121,1,8,S
121,2,1,f
121,2,2,v
121,2,3,N
121,2,4,h
121,2,5,p
121,2,6,b
121,2,7,f
121,2,8,b
122,1,1,f
122,1,2,R
122,1,3,V
122,1,4,s
122,1,5,V
122,1,6,D
122,1,7,D
122,1,8,R
122,1,9,t
122,1,10,n
122,1,11,R
122,1,12,V
122,1,13,f
122,2,1,b
122,2,2,D
122,2,3,N
122,2,4,C
122,2,5,C
122,2,6,N
122,2,7,C
122,2,8,N
122,2,9,Q
122,2,10,G
122,2,11,w
122,2,12,N
122,2,13,Z
123,1,1,n
123,1,2,r
123,1,3,r
123,1,4,R
123,1,5,P
123,1,6,P
123,1,7,n
123,1,8,H
123,1,9,z
123,1,10,n
123,1,11,t
123,1,12,R
123,1,13,r
123,1,14,P
123,1,15,s
123,1,16,R
123,1,17,V
123,1,18,r
123,1,19,t
123,1,20,J
123,1,21,V
123,2,1,B
123,2,2,M
123,2,3,j
123,2,4,l
123,2,5,z
123,2,6,W
123,2,7,f
123,2,8,F
123,2,9,W
123,2,10,d
123,2,11,M
123,2,12,j
123,2,13,j
123,2,14,W
123,2,15,M
123,2,16,q
123,2,17,d
123,2,18,B
123,2,19,B
123,2,20,l
123,2,21,T
124,1,1,z
124,1,2,D
124,1,3,N
124,1,4,c
124,1,5,n
124,1,6,R
124,1,7,s
124,1,8,N
124,1,9,N
124,1,10,f
124,1,11,R
124,1,12,F
124,1,13,F
124,1,14,N
124,1,15,N
124,1,16,z
124,1,17,R
124,1,18,z
124,1,19,L
124,1,20,b
124,1,21,R
124,2,1,W
124,2,2,g
124,2,3,M
124,2,4,Z
124,2,5,M
124,2,6,M
124,2,7,Z
124,2,8,c
124,2,9,d
124,2,10,h
124,2,11,c
124,2,12,B
124,2,13,d
124,2,14,M
124,2,15,r
124,2,16,B
124,2,17,p
124,2,18,Z
124,2,19,m
124,2,20,m
124,2,21,Z
125,1,1,P
125,1,2,V
125,1,3,H
125,1,4,H
125,1,5,V
125,1,6,l
125,1,7,P
125,1,8,D
125,1,9,G
125,1,10,P
125,1,11,P
125,1,12,t
125,1,13,j
125,1,14,D
125,2,1,m
125,2,2,m
125,2,3,d
125,2,4,r
125,2,5,r
125,2,6,G
125,2,7,B
125,2,8,B
125,2,9,M
125,2,10,p
125,2,11,W
125,2,12,G
125,2,13,W
125,2,14,d
126,1,1,V
126,1,2,V
126,1,3,q
126,1,4,T
126,1,5,T
126,1,6,l
126,1,7,Q
126,1,8,t
126,1,9,D
126,1,10,C
126,1,11,q
126,2,1,F
126,2,2,N
126,2,3,z
126,2,4,s
126,2,5,n
126,2,6,b
126,2,7,L
126,2,8,b
126,2,9,C
126,2,10,S
126,2,11,J
127,1,1,n
127,1,2,d
127,1,3,S
127,1,4,G
127,1,5,S
127,1,6,Z
127,1,7,Z
127,1,8,G
127,1,9,w
127,1,10,S
127,1,11,Z
127,1,12,T
127,1,13,B
127,1,14,d
127,1,15,w
127,1,16,n
127,1,17,w
127,1,18,d
127,1,19,w
127,1,20,m
127,1,21,W
127,2,1,C
127,2,2,z
127,2,3,P
127,2,4,Q
127,2,5,C
127,2,6,Q
127,2,7,L
127,2,8,f
127,2,9,f
127,2,10,Z
127,2,11,z
127,2,12,R
127,2,13,g
127,2,14,M
127,2,15,Z
127,2,16,R
127,2,17,g
127,2,18,g
127,2,19,M
127,2,20,z
127,2,21,f
128,1,1,m
128,1,2,v
128,1,3,q
128,1,4,V
128,1,5,m
128,1,6,q
128,1,7,r
128,1,8,m
128,1,9,c
128,1,10,D
128,1,11,q
128,1,12,l
128,1,13,l
128,1,14,N
128,1,15,N
128,1,16,t
128,1,17,b
128,1,18,c
128,1,19,N
128,1,20,c
128,2,1,M
128,2,2,C
128,2,3,Q
128,2,4,M
128,2,5,R
128,2,6,C
128,2,7,M
128,2,8,C
128,2,9,C
128,2,10,M
128,2,11,Q
128,2,12,f
128,2,13,H
128,2,14,L
128,2,15,g
128,2,16,v
128,2,17,R
128,2,18,g
128,2,19,M
128,2,20,g
129,1,1,F
129,1,2,h
129,1,3,N
129,1,4,N
129,1,5,c
129,1,6,r
129,1,7,r
129,1,8,V
129,1,9,l
129,1,10,j
129,1,11,F
129,1,12,c
129,1,13,q
129,2,1,m
129,2,2,T
129,2,3,J
129,2,4,h
129,2,5,w
129,2,6,n
129,2,7,s
129,2,8,m
129,2,9,G
129,2,10,d
129,2,11,J
129,2,12,s
129,2,13,T
130,1,1,w
130,1,2,l
130,1,3,m
130,1,4,L
130,1,5,m
130,1,6,Z
130,1,7,L
130,1,8,w
130,1,9,z
130,1,10,v
130,1,11,V
130,1,12,m
130,1,13,V
130,1,14,W
130,1,15,V
130,1,16,m
130,1,17,Q
130,1,18,W
130,1,19,z
130,2,1,Z
130,2,2,S
130,2,3,F
130,2,4,J
130,2,5,F
130,2,6,D
130,2,7,S
130,2,8,q
130,2,9,F
130,2,10,H
130,2,11,S
130,2,12,S
130,2,13,F
130,2,14,J
130,2,15,H
130,2,16,h
130,2,17,D
130,2,18,q
130,2,19,Z
131,1,1,R
131,1,2,s
131,1,3,g
131,1,4,p
131,1,5,M
131,1,6,N
131,1,7,c
131,1,8,M
131,1,9,d
131,1,10,R
131,1,11,g
131,1,12,j
131,1,13,D
131,1,14,c
131,2,1,R
131,2,2,F
131,2,3,q
131,2,4,C
131,2,5,S
131,2,6,r
131,2,7,H
131,2,8,S
131,2,9,H
131,2,10,B
131,2,11,C
131,2,12,F
131,2,13,J
131,2,14,r
132,1,1,j
132,1,2,d
132,1,3,n
132,1,4,c
132,1,5,s
132,1,6,s
132,1,7,D
132,1,8,N
132,1,9,P
132,1,10,s
132,2,1,b
132,2,2,m
132,2,3,m
132,2,4,w
132,2,5,v
132,2,6,v
132,2,7,l
132,2,8,P
132,2,9,L
132,2,10,w
133,1,1,w
133,1,2,Q
133,1,3,G
133,1,4,H
133,1,5,M
133,1,6,r
133,1,7,H
133,1,8,G
133,1,9,g
133,1,10,w
133,1,11,g
133,1,12,V
133,1,13,T
133,1,14,Q
133,1,15,r
133,1,16,r
133,1,17,M
133,1,18,G
133,1,19,g
133,1,20,G
133,1,21,Q
133,1,22,r
133,1,23,T
133,2,1,t
133,2,2,W
133,2,3,z
133,2,4,z
133,2,5,P
133,2,6,J
133,2,7,h
133,2,8,s
133,2,9,f
133,2,10,h
133,2,11,Z
133,2,12,z
133,2,13,t
133,2,14,W
133,2,15,s
133,2,16,s
133,2,17,Q
133,2,18,W
133,2,19,b
133,2,20,Z
133,2,21,C
133,2,22,W
133,2,23,h
134,1,1,F
134,1,2,j
134,1,3,v
134,1,4,B
134,1,5,F
134,1,6,S
134,1,7,q
134,1,8,q
134,1,9,D
134,1,10,b
134,1,11,l
134,1,12,j
134,1,13,F
134,1,14,v
134,1,15,S
134,1,16,b
134,1,17,n
134,1,18,v
134,1,19,F
134,1,20,l
134,2,1,t
134,2,2,s
134,2,3,z
134,2,4,f
134,2,5,W
134,2,6,P
134,2,7,P
134,2,8,f
134,2,9,W
134,2,10,z
134,2,11,J
134,2,12,Z
134,2,13,B
134,2,14,C
134,2,15,s
134,2,16,P
134,2,17,t
134,2,18,J
134,2,19,f
134,2,20,t
135,1,1,q
135,1,2,L
135,1,3,l
135,1,4,D
135,1,5,b
135,1,6,p
135,1,7,j
135,1,8,F
135,1,9,R
135,1,10,b
135,1,11,p
135,2,1,d
135,2,2,G
135,2,3,T
135,2,4,g
135,2,5,L
135,2,6,G
135,2,7,L
135,2,8,G
135,2,9,T
135,2,10,T
135,2,11,V
136,1,1,h
136,1,2,r
136,1,3,V
136,1,4,J
136,1,5,s
136,1,6,B
136,1,7,r
136,1,8,p
136,1,9,w
136,1,10,b
136,1,11,s
136,1,12,M
136,2,1,Z
136,2,2,t
136,2,3,T
136,2,4,L
136,2,5,l
136,2,6,w
136,2,7,n
136,2,8,q
136,2,9,t
136,2,10,q
136,2,11,d
136,2,12,c
137,1,1,Q
137,1,2,D
137,1,3,D
137,1,4,m
137,1,5,H
137,1,6,W
137,1,7,m
137,1,8,f
137,1,9,f
137,1,10,H
137,1,11,C
137,1,12,Q
137,1,13,W
137,1,14,H
137,1,15,j
137,1,16,R
137,1,17,Q
137,1,18,j
137,1,19,C
137,1,20,W
137,2,1,c
137,2,2,z
137,2,3,T
137,2,4,T
137,2,5,j
137,2,6,t
137,2,7,l
137,2,8,z
137,2,9,d
137,2,10,l
137,2,11,d
137,2,12,q
137,2,13,V
137,2,14,t
137,2,15,T
137,2,16,n
137,2,17,T
137,2,18,q
137,2,19,L
137,2,20,t
138,1,1,H
138,1,2,m
138,1,3,f
138,1,4,G
138,1,5,f
138,1,6,R
138,1,7,N
138,1,8,W
138,1,9,f
138,1,10,N
138,1,11,W
138,1,12,m
138,1,13,Q
138,1,14,C
138,1,15,R
138,2,1,s
138,2,2,g
138,2,3,b
138,2,4,s
138,2,5,M
138,2,6,F
138,2,7,M
138,2,8,h
138,2,9,M
138,2,10,G
138,2,11,v
138,2,12,p
138,2,13,B
138,2,14,V
138,2,15,s
139,1,1,C
139,1,2,R
139,1,3,z
139,1,4,z
139,1,5,V
139,1,6,C
139,1,7,Z
139,1,8,h
139,1,9,v
139,1,10,G
139,1,11,Q
139,1,12,q
139,1,13,N
139,2,1,m
139,2,2,c
139,2,3,W
139,2,4,r
139,2,5,g
139,2,6,p
139,2,7,g
139,2,8,w
139,2,9,Q
139,2,10,F
139,2,11,S
139,2,12,m
139,2,13,F
140,1,1,B
140,1,2,J
140,1,3,s
140,1,4,t
140,1,5,t
140,1,6,j
140,1,7,D
140,1,8,t
140,1,9,j
140,1,10,b
140,1,11,d
140,1,12,L
140,1,13,M
140,1,14,H
140,1,15,H
140,1,16,s
140,1,17,B
140,1,18,T
140,1,19,q
140,1,20,B
140,1,21,b
140,1,22,B
140,1,23,H
140,1,24,M
140,2,1,r
140,2,2,p
140,2,3,r
140,2,4,D
140,2,5,S
140,2,6,r
140,2,7,F
140,2,8,n
140,2,9,F
140,2,10,n
140,2,11,S
140,2,12,g
140,2,13,r
140,2,14,n
140,2,15,n
140,2,16,r
140,2,17,p
140,2,18,D
140,2,19,S
140,2,20,m
140,2,21,W
140,2,22,W
140,2,23,n
140,2,24,w
141,1,1,T
141,1,2,b
141,1,3,M
141,1,4,B
141,1,5,M
141,1,6,P
141,1,7,P
141,1,8,d
141,1,9,L
141,1,10,T
141,1,11,b
141,1,12,H
141,1,13,T
141,1,14,j
141,1,15,H
141,1,16,M
141,1,17,t
141,1,18,P
141,2,1,z
141,2,2,Z
141,2,3,G
141,2,4,v
141,2,5,z
141,2,6,l
141,2,7,v
141,2,8,q
141,2,9,C
141,2,10,P
141,2,11,G
141,2,12,N
141,2,13,l
141,2,14,N
141,2,15,V
141,2,16,R
141,2,17,V
141,2,18,P
142,1,1,Q
142,1,2,c
142,1,3,m
142,1,4,c
142,1,5,r
142,1,6,C
142,1,7,V
142,1,8,c
142,2,1,d
142,2,2,T
142,2,3,C
142,2,4,G
142,2,5,R
142,2,6,R
142,2,7,L
142,2,8,T
143,1,1,z
143,1,2,z
143,1,3,g
143,1,4,W
143,1,5,F
143,1,6,W
143,1,7,V
143,1,8,B
143,2,1,T
143,2,2,S
143,2,3,W
143,2,4,L
143,2,5,P
143,2,6,d
143,2,7,M
143,2,8,P
144,1,1,J
144,1,2,b
144,1,3,h
144,1,4,n
144,1,5,B
144,1,6,V
144,1,7,z
144,1,8,z
144,1,9,f
144,1,10,V
144,1,11,h
144,1,12,g
144,1,13,z
144,1,14,t
144,1,15,V
144,1,16,D
144,1,17,v
144,2,1,q
144,2,2,c
144,2,3,q
144,2,4,H
144,2,5,w
144,2,6,n
144,2,7,c
144,2,8,Z
144,2,9,H
144,2,10,N
144,2,11,q
144,2,12,n
144,2,13,s
144,2,14,n
144,2,15,c
144,2,16,c
144,2,17,Q
145,1,1,J
145,1,2,J
145,1,3,V
145,1,4,B
145,1,5,F
145,1,6,f
145,1,7,J
145,1,8,j
145,1,9,N
145,1,10,N
145,1,11,N
145,1,12,s
145,1,13,J
145,1,14,T
145,1,15,w
145,1,16,V
145,1,17,f
145,1,18,Z
145,1,19,J
145,1,20,N
145,1,21,f
145,1,22,f
145,1,23,F
145,2,1,R
145,2,2,p
145,2,3,R
145,2,4,z
145,2,5,R
145,2,6,z
145,2,7,R
145,2,8,p
145,2,9,t
145,2,10,R
145,2,11,W
145,2,12,t
145,2,13,C
145,2,14,t
145,2,15,S
145,2,16,S
145,2,17,H
145,2,18,W
145,2,19,s
145,2,20,W
145,2,21,z
145,2,22,C
145,2,23,D
146,1,1,r
146,1,2,m
146,1,3,r
146,1,4,n
146,1,5,h
146,1,6,g
146,1,7,c
146,1,8,l
146,1,9,h
146,1,10,Q
146,1,11,G
146,1,12,c
146,1,13,G
146,1,14,n
146,1,15,h
146,1,16,r
146,1,17,P
146,1,18,j
146,1,19,q
146,1,20,g
146,1,21,G
146,1,22,M
146,2,1,H
146,2,2,b
146,2,3,W
146,2,4,R
146,2,5,H
146,2,6,R
146,2,7,b
146,2,8,R
146,2,9,C
146,2,10,W
146,2,11,b
146,2,12,z
146,2,13,R
146,2,14,b
146,2,15,M
146,2,16,S
146,2,17,S
146,2,18,p
146,2,19,H
146,2,20,W
146,2,21,C
146,2,22,D
147,1,1,m
147,1,2,h
147,1,3,h
147,1,4,j
147,1,5,Q
147,1,6,G
147,1,7,G
147,1,8,j
147,1,9,Q
147,1,10,g
147,1,11,g
147,1,12,g
147,1,13,q
147,1,14,n
147,1,15,m
147,1,16,Q
147,1,17,n
147,1,18,m
147,1,19,g
147,1,20,h
147,1,21,d
147,1,22,Q
147,2,1,d
147,2,2,J
147,2,3,F
147,2,4,Z
147,2,5,B
147,2,6,N
147,2,7,v
147,2,8,Z
147,2,9,B
147,2,10,B
147,2,11,L
147,2,12,N
147,2,13,T
147,2,14,v
147,2,15,v
147,2,16,T
147,2,17,N
147,2,18,N
147,2,19,T
147,2,20,L
147,2,21,f
147,2,22,Z
148,1,1,D
148,1,2,r
148,1,3,B
148,1,4,g
148,1,5,w
148,1,6,M
148,1,7,C
148,1,8,M
148,1,9,R
148,1,10,v
148,1,11,M
148,1,12,r
148,1,13,v
148,1,14,D
148,1,15,g
148,1,16,P
148,2,1,C
148,2,2,z
148,2,3,d
148,2,4,p
148,2,5,d
148,2,6,N
148,2,7,t
148,2,8,z
148,2,9,q
148,2,10,q
148,2,11,l
148,2,12,H
148,2,13,N
148,2,14,N
148,2,15,t
148,2,16,p
149,1,1,j
149,1,2,W
149,1,3,S
149,1,4,S
149,1,5,Z
149,1,6,G
149,1,7,g
149,1,8,f
149,1,9,G
149,1,10,j
149,1,11,c
149,1,12,L
149,1,13,f
149,2,1,d
149,2,2,N
149,2,3,j
149,2,4,F
149,2,5,z
149,2,6,q
149,2,7,q
149,2,8,F
149,2,9,F
149,2,10,z
149,2,11,z
149,2,12,F
149,2,13,F
150,1,1,n
150,1,2,G
150,1,3,Z
150,1,4,h
150,1,5,T
150,1,6,m
150,1,7,Z
150,1,8,L
150,1,9,L
150,1,10,Z
150,1,11,h
150,1,12,G
150,2,1,P
150,2,2,V
150,2,3,V
150,2,4,T
150,2,5,g
150,2,6,Q
150,2,7,g
150,2,8,M
150,2,9,R
150,2,10,r
150,2,11,r
150,2,12,b
151,1,1,p
151,1,2,p
151,1,3,q
151,1,4,Z
151,1,5,v
151,1,6,p
151,1,7,p
151,1,8,d
151,1,9,J
151,1,10,m
151,1,11,S
151,1,12,L
151,1,13,H
151,1,14,d
151,1,15,S
151,1,16,f
151,1,17,Z
151,2,1,R
151,2,2,r
151,2,3,r
151,2,4,t
151,2,5,b
151,2,6,s
151,2,7,c
151,2,8,g
151,2,9,R
151,2,10,V
151,2,11,V
151,2,12,g
151,2,13,w
151,2,14,V
151,2,15,r
151,2,16,H
151,2,17,t
152,1,1,h
152,1,2,F
152,1,3,F
152,1,4,F
152,1,5,z
152,1,6,Q
152,1,7,P
152,1,8,h
152,1,9,N
152,1,10,W
152,1,11,z
152,1,12,N
152,1,13,h
152,1,14,n
152,1,15,h
152,1,16,G
152,2,1,V
152,2,2,g
152,2,3,g
152,2,4,r
152,2,5,c
152,2,6,b
152,2,7,w
152,2,8,V
152,2,9,g
152,2,10,B
152,2,11,n
152,2,12,v
152,2,13,b
152,2,14,w
152,2,15,g
152,2,16,R
153,1,1,C
153,1,2,N
153,1,3,Q
153,1,4,W
153,1,5,F
153,1,6,M
153,1,7,z
153,1,8,W
153,1,9,W
153,1,10,h
153,1,11,C
153,2,1,f
153,2,2,l
153,2,3,p
153,2,4,j
153,2,5,v
153,2,6,Z
153,2,7,J
153,2,8,M
153,2,9,J
153,2,10,d
153,2,11,j
154,1,1,p
154,1,2,f
154,1,3,p
154,1,4,f
154,1,5,m
154,1,6,Q
154,1,7,M
154,1,8,W
154,1,9,m
154,1,10,c
154,1,11,B
154,1,12,V
154,1,13,f
154,1,14,M
154,1,15,B
154,1,16,B
154,1,17,m
154,1,18,p
154,1,19,f
154,1,20,V
154,1,21,Q
154,1,22,M
154,2,1,b
154,2,2,D
154,2,3,G
154,2,4,G
154,2,5,N
154,2,6,P
154,2,7,D
154,2,8,T
154,2,9,c
154,2,10,S
154,2,11,N
154,2,12,T
154,2,13,T
154,2,14,s
154,2,15,S
154,2,16,N
154,2,17,P
154,2,18,C
154,2,19,C
154,2,20,N
154,2,21,h
154,2,22,C
155,1,1,Z
155,1,2,Z
155,1,3,r
155,1,4,Z
155,1,5,w
155,1,6,v
155,1,7,v
155,1,8,z
155,1,9,Z
155,1,10,r
155,1,11,v
155,1,12,Z
155,1,13,l
155,1,14,Z
155,1,15,l
155,2,1,w
155,2,2,h
155,2,3,w
155,2,4,s
155,2,5,w
155,2,6,h
155,2,7,N
155,2,8,S
155,2,9,s
155,2,10,g
155,2,11,b
155,2,12,D
155,2,13,s
155,2,14,s
155,2,15,C
156,1,1,t
156,1,2,t
156,1,3,v
156,1,4,d
156,1,5,t
156,1,6,z
156,1,7,R
156,1,8,z
156,1,9,F
156,1,10,D
156,1,11,q
156,2,1,R
156,2,2,J
156,2,3,W
156,2,4,L
156,2,5,V
156,2,6,L
156,2,7,W
156,2,8,J
156,2,9,J
156,2,10,p
156,2,11,Q
157,1,1,C
157,1,2,Z
157,1,3,Z
157,1,4,P
157,1,5,T
157,1,6,Q
157,1,7,P
157,1,8,T
157,1,9,P
157,1,10,T
157,1,11,J
157,1,12,h
157,1,13,T
157,1,14,Q
157,1,15,T
157,1,16,r
157,1,17,H
157,2,1,C
157,2,2,B
157,2,3,b
157,2,4,v
157,2,5,t
157,2,6,L
157,2,7,b
157,2,8,b
157,2,9,b
157,2,10,R
157,2,11,W
157,2,12,t
157,2,13,j
157,2,14,b
157,2,15,D
157,2,16,v
157,2,17,b
158,1,1,c
158,1,2,G
158,1,3,f
158,1,4,s
158,1,5,V
158,1,6,S
158,1,7,V
158,1,8,c
158,1,9,L
158,1,10,d
158,1,11,S
158,1,12,g
158,1,13,S
158,2,1,w
158,2,2,B
158,2,3,W
158,2,4,R
158,2,5,N
158,2,6,N
158,2,7,G
158,2,8,w
158,2,9,R
158,2,10,N
158,2,11,R
158,2,12,b
158,2,13,D
159,1,1,s
159,1,2,p
159,1,3,S
159,1,4,f
159,1,5,f
159,1,6,n
159,1,7,c
159,1,8,c
159,1,9,s
159,1,10,g
159,1,11,c
159,1,12,d
159,1,13,n
159,1,14,n
159,2,1,J
159,2,2,J
159,2,3,Q
159,2,4,l
159,2,5,Z
159,2,6,Z
159,2,7,q
159,2,8,J
159,2,9,L
159,2,10,h
159,2,11,p
159,2,12,M
159,2,13,J
159,2,14,h
160,1,1,T
160,1,2,w
160,1,3,G
160,1,4,G
160,1,5,d
160,1,6,W
160,1,7,w
160,1,8,d
160,1,9,d
160,1,10,d
160,1,11,t
160,1,12,T
160,1,13,s
160,2,1,b
160,2,2,z
160,2,3,P
160,2,4,z
160,2,5,b
160,2,6,b
160,2,7,n
160,2,8,T
160,2,9,L
160,2,10,n
160,2,11,P
160,2,12,L
160,2,13,P
161,1,1,g
161,1,2,q
161,1,3,N
161,1,4,S
161,1,5,M
161,1,6,v
161,1,7,t
161,1,8,v
161,1,9,c
161,1,10,S
161,1,11,D
161,2,1,L
161,2,2,L
161,2,3,f
161,2,4,n
161,2,5,M
161,2,6,n
161,2,7,n
161,2,8,P
161,2,9,z
161,2,10,F
161,2,11,M
162,1,1,N
162,1,2,v
162,1,3,D
162,1,4,N
162,1,5,D
162,1,6,q
162,1,7,t
162,1,8,v
162,1,9,R
162,1,10,c
162,1,11,j
162,1,12,Q
162,2,1,V
162,2,2,G
162,2,3,Z
162,2,4,Z
162,2,5,G
162,2,6,Z
162,2,7,Z
162,2,8,h
162,2,9,w
162,2,10,p
162,2,11,Q
162,2,12,B
163,1,1,j
163,1,2,t
163,1,3,g
163,1,4,F
163,1,5,m
163,1,6,n
163,1,7,q
163,1,8,j
163,1,9,q
163,1,10,t
163,1,11,t
163,1,12,Q
163,1,13,p
163,2,1,s
163,2,2,p
163,2,3,h
163,2,4,z
163,2,5,N
163,2,6,l
163,2,7,l
163,2,8,b
163,2,9,l
163,2,10,z
163,2,11,l
163,2,12,N
163,2,13,H
164,1,1,G
164,1,2,R
164,1,3,M
164,1,4,R
164,1,5,D
164,1,6,M
164,1,7,G
164,1,8,C
164,1,9,V
164,1,10,C
164,2,1,H
164,2,2,z
164,2,3,S
164,2,4,C
164,2,5,b
164,2,6,S
164,2,7,b
164,2,8,N
164,2,9,N
164,2,10,l
165,1,1,L
165,1,2,M
165,1,3,T
165,1,4,J
165,1,5,R
165,1,6,T
165,1,7,G
165,1,8,R
165,1,9,L
165,1,10,B
165,1,11,J
165,1,12,B
165,1,13,w
165,1,14,L
165,1,15,R
165,1,16,R
165,2,1,H
165,2,2,m
165,2,3,B
165,2,4,F
165,2,5,Q
165,2,6,P
165,2,7,v
165,2,8,q
165,2,9,m
165,2,10,P
165,2,11,B
165,2,12,v
165,2,13,t
165,2,14,g
165,2,15,t
165,2,16,c
166,1,1,j
166,1,2,D
166,1,3,j
166,1,4,j
166,1,5,w
166,1,6,R
166,1,7,D
166,1,8,p
166,1,9,P
166,1,10,q
166,1,11,q
166,2,1,s
166,2,2,M
166,2,3,s
166,2,4,D
166,2,5,L
166,2,6,J
166,2,7,b
166,2,8,J
166,2,9,z
166,2,10,V
166,2,11,B
167,1,1,l
167,1,2,M
167,1,3,N
167,1,4,M
167,1,5,N
167,1,6,d
167,1,7,d
167,1,8,v
167,1,9,M
167,1,10,l
167,1,11,t
167,1,12,N
167,1,13,f
167,1,14,F
167,2,1,V
167,2,2,W
167,2,3,b
167,2,4,V
167,2,5,V
167,2,6,W
167,2,7,J
167,2,8,r
167,2,9,r
167,2,10,V
167,2,11,L
167,2,12,f
167,2,13,g
167,2,14,L
168,1,1,N
168,1,2,Q
168,1,3,Q
168,1,4,t
168,1,5,m
168,1,6,t
168,1,7,F
168,1,8,G
168,1,9,F
168,1,10,l
168,1,11,G
168,2,1,Z
168,2,2,P
168,2,3,Z
168,2,4,c
168,2,5,M
168,2,6,m
168,2,7,m
168,2,8,c
168,2,9,j
168,2,10,j
168,2,11,n
169,1,1,C
169,1,2,g
169,1,3,C
169,1,4,N
169,1,5,j
169,1,6,v
169,1,7,S
169,1,8,C
169,1,9,g
169,1,10,S
169,1,11,Q
169,1,12,Q
169,1,13,z
169,1,14,V
169,1,15,Z
169,1,16,N
169,2,1,W
169,2,2,V
169,2,3,n
169,2,4,T
169,2,5,B
169,2,6,P
169,2,7,T
169,2,8,c
169,2,9,s
169,2,10,T
169,2,11,V
169,2,12,B
169,2,13,n
169,2,14,p
169,2,15,P
169,2,16,s
170,1,1,b
170,1,2,F
170,1,3,b
170,1,4,b
170,1,5,L
170,1,6,f
170,1,7,b
170,1,8,f
170,1,9,d
170,1,10,R
170,1,11,B
170,1,12,F
170,1,13,h
170,1,14,L
170,1,15,w
170,1,16,q
170,1,17,F
170,1,18,m
170,1,19,b
170,1,20,l
170,1,21,B
170,1,22,J
170,1,23,f
170,1,24,R
170,2,1,H
170,2,2,t
170,2,3,W
170,2,4,c
170,2,5,t
170,2,6,t
170,2,7,c
170,2,8,t
170,2,9,t
170,2,10,l
170,2,11,D
170,2,12,p
170,2,13,s
170,2,14,p
170,2,15,c
170,2,16,P
170,2,17,W
170,2,18,D
170,2,19,c
170,2,20,D
170,2,21,p
170,2,22,t
170,2,23,P
170,2,24,n
171,1,1,m
171,1,2,d
171,1,3,b
171,1,4,F
171,1,5,h
171,1,6,f
171,1,7,J
171,1,8,r
171,1,9,m
171,1,10,J
171,1,11,w
171,1,12,f
171,1,13,b
171,1,14,m
171,1,15,m
171,1,16,F
171,1,17,F
171,1,18,F
171,2,1,v
171,2,2,B
171,2,3,Z
171,2,4,C
171,2,5,N
171,2,6,C
171,2,7,z
171,2,8,M
171,2,9,G
171,2,10,r
171,2,11,N
171,2,12,j
171,2,13,M
171,2,14,Q
171,2,15,j
171,2,16,C
171,2,17,C
171,2,18,Z
172,1,1,T
172,1,2,P
172,1,3,D
172,1,4,N
172,1,5,H
172,1,6,H
172,1,7,S
172,1,8,T
172,1,9,N
172,1,10,N
172,1,11,m
172,1,12,R
172,1,13,f
172,1,14,T
172,1,15,r
172,1,16,R
172,2,1,M
172,2,2,Z
172,2,3,S
172,2,4,q
172,2,5,w
172,2,6,w
172,2,7,t
172,2,8,t
172,2,9,d
172,2,10,b
172,2,11,B
172,2,12,v
172,2,13,B
172,2,14,M
172,2,15,t
172,2,16,h
173,1,1,V
173,1,2,V
173,1,3,n
173,1,4,n
173,1,5,F
173,1,6,G
173,1,7,g
173,1,8,n
173,1,9,Q
173,1,10,c
173,2,1,B
173,2,2,v
173,2,3,M
173,2,4,q
173,2,5,v
173,2,6,n
173,2,7,h
173,2,8,N
173,2,9,B
173,2,10,N
174,1,1,G
174,1,2,L
174,1,3,z
174,1,4,j
174,1,5,j
174,1,6,z
174,1,7,G
174,1,8,s
174,1,9,c
174,1,10,s
174,1,11,s
174,1,12,J
174,1,13,G
174,1,14,J
174,2,1,C
174,2,2,H
174,2,3,l
174,2,4,j
174,2,5,m
174,2,6,f
174,2,7,m
174,2,8,T
174,2,9,W
174,2,10,P
174,2,11,T
174,2,12,C
174,2,13,D
174,2,14,N
175,1,1,B
175,1,2,Z
175,1,3,Z
175,1,4,N
175,1,5,c
175,1,6,M
175,1,7,Q
175,1,8,j
175,1,9,B
175,1,10,N
175,1,11,j
175,1,12,N
175,1,13,t
175,1,14,D
175,1,15,J
175,1,16,g
175,1,17,s
175,1,18,t
175,1,19,j
175,1,20,g
175,1,21,t
175,1,22,w
175,2,1,q
175,2,2,G
175,2,3,R
175,2,4,Q
175,2,5,f
175,2,6,h
175,2,7,G
175,2,8,h
175,2,9,S
175,2,10,v
175,2,11,P
175,2,12,f
175,2,13,T
175,2,14,h
175,2,15,f
175,2,16,q
175,2,17,v
175,2,18,P
175,2,19,h
175,2,20,f
175,2,21,h
175,2,22,f
176,1,1,C
176,1,2,C
176,1,3,n
176,1,4,d
176,1,5,r
176,1,6,n
176,1,7,m
176,1,8,n
176,1,9,n
176,1,10,W
176,1,11,b
176,1,12,r
176,1,13,n
176,1,14,H
176,1,15,r
176,1,16,F
176,1,17,b
176,1,18,W
176,1,19,b
176,1,20,p
176,1,21,b
176,1,22,b
176,1,23,V
176,1,24,m
176,2,1,G
176,2,2,G
176,2,3,P
176,2,4,q
176,2,5,L
176,2,6,f
176,2,7,T
176,2,8,G
176,2,9,h
176,2,10,v
176,2,11,G
176,2,12,S
176,2,13,P
176,2,14,h
176,2,15,q
176,2,16,R
176,2,17,L
176,2,18,R
176,2,19,d
176,2,20,f
176,2,21,S
176,2,22,G
176,2,23,s
176,2,24,f
177,1,1,b
177,1,2,F
177,1,3,s
177,1,4,s
177,1,5,V
177,1,6,b
177,1,7,b
177,1,8,b
177,1,9,l
177,1,10,F
177,1,11,H
177,1,12,z
177,1,13,r
177,1,14,m
177,1,15,F
177,1,16,l
177,2,1,M
177,2,2,N
177,2,3,M
177,2,4,t
177,2,5,c
177,2,6,N
177,2,7,g
177,2,8,D
177,2,9,t
177,2,10,J
177,2,11,D
177,2,12,z
177,2,13,Z
177,2,14,g
177,2,15,t
177,2,16,w
178,1,1,s
178,1,2,m
178,1,3,j
178,1,4,M
178,1,5,t
178,1,6,S
178,1,7,q
178,1,8,Q
178,1,9,Q
178,1,10,S
178,1,11,j
178,1,12,t
178,1,13,S
178,1,14,f
178,1,15,m
178,1,16,D
178,2,1,V
178,2,2,V
178,2,3,F
178,2,4,H
178,2,5,F
178,2,6,h
178,2,7,n
178,2,8,H
178,2,9,B
178,2,10,H
178,2,11,m
178,2,12,b
178,2,13,N
178,2,14,P
178,2,15,P
178,2,16,H
179,1,1,T
179,1,2,g
179,1,3,v
179,1,4,C
179,1,5,C
179,1,6,J
179,1,7,c
179,1,8,Z
179,1,9,d
179,1,10,w
179,1,11,d
179,1,12,g
179,2,1,N
179,2,2,v
179,2,3,b
179,2,4,H
179,2,5,v
179,2,6,P
179,2,7,b
179,2,8,b
179,2,9,v
179,2,10,B
179,2,11,N
179,2,12,q
180,1,1,J
180,1,2,L
180,1,3,q
180,1,4,R
180,1,5,W
180,1,6,T
180,1,7,g
180,1,8,L
180,1,9,q
180,1,10,J
180,1,11,L
180,1,12,C
180,1,13,J
180,1,14,c
180,1,15,c
180,1,16,l
180,1,17,g
180,1,18,C
180,1,19,J
180,1,20,d
180,1,21,W
180,2,1,j
180,2,2,f
180,2,3,s
180,2,4,S
180,2,5,S
180,2,6,p
180,2,7,s
180,2,8,f
180,2,9,R
180,2,10,r
180,2,11,s
180,2,12,Q
180,2,13,j
180,2,14,D
180,2,15,t
180,2,16,s
180,2,17,p
180,2,18,p
180,2,19,t
180,2,20,Q
180,2,21,Q
181,1,1,h
181,1,2,N
181,1,3,w
181,1,4,z
181,1,5,t
181,1,6,z
181,1,7,g
181,1,8,z
181,1,9,J
181,1,10,n
181,1,11,n
181,1,12,N
181,1,13,T
181,1,14,V
181,1,15,F
181,1,16,w
181,1,17,N
181,1,18,T
181,1,19,N
181,1,20,h
181,1,21,w
181,1,22,V
181,1,23,h
181,2,1,Z
181,2,2,l
181,2,3,r
181,2,4,p
181,2,5,L
181,2,6,M
181,2,7,L
181,2,8,Z
181,2,9,Z
181,2,10,l
181,2,11,p
181,2,12,Z
181,2,13,l
181,2,14,Q
181,2,15,n
181,2,16,d
181,2,17,L
181,2,18,P
181,2,19,L
181,2,20,p
181,2,21,Q
181,2,22,L
181,2,23,Z
182,1,1,v
182,1,2,R
182,1,3,D
182,1,4,v
182,1,5,q
182,1,6,S
182,1,7,S
182,1,8,q
182,1,9,j
182,1,10,b
182,1,11,q
182,1,12,S
182,1,13,W
182,1,14,D
182,1,15,v
182,1,16,j
182,1,17,b
182,1,18,v
182,1,19,B
182,2,1,d
182,2,2,L
182,2,3,W
182,2,4,s
182,2,5,p
182,2,6,P
182,2,7,L
182,2,8,d
182,2,9,d
182,2,10,Z
182,2,11,P
182,2,12,Q
182,2,13,Q
182,2,14,L
182,2,15,M
182,2,16,l
182,2,17,l
182,2,18,L
182,2,19,p
183,1,1,S
183,1,2,f
183,1,3,G
183,1,4,f
183,1,5,R
183,1,6,m
183,1,7,S
183,1,8,G
183,1,9,C
183,1,10,S
183,1,11,f
183,1,12,B
183,1,13,f
183,1,14,j
183,2,1,T
183,2,2,c
183,2,3,N
183,2,4,F
183,2,5,g
183,2,6,z
183,2,7,w
183,2,8,M
183,2,9,F
183,2,10,J
183,2,11,z
183,2,12,w
183,2,13,g
183,2,14,m
184,1,1,l
184,1,2,h
184,1,3,V
184,1,4,B
184,1,5,h
184,1,6,Z
184,1,7,j
184,1,8,j
184,1,9,P
184,1,10,H
184,1,11,b
184,1,12,T
184,1,13,h
184,2,1,w
184,2,2,F
184,2,3,G
184,2,4,r
184,2,5,N
184,2,6,r
184,2,7,d
184,2,8,v
184,2,9,N
184,2,10,N
184,2,11,w
184,2,12,F
184,2,13,V
185,1,1,D
185,1,2,R
185,1,3,r
185,1,4,D
185,1,5,L
185,1,6,f
185,1,7,M
185,1,8,L
185,1,9,S
185,1,10,g
185,1,11,p
185,2,1,C
185,2,2,d
185,2,3,C
185,2,4,J
185,2,5,c
185,2,6,f
185,2,7,m
185,2,8,c
185,2,9,J
185,2,10,C
185,2,11,m
186,1,1,L
186,1,2,Q
186,1,3,t
186,1,4,n
186,1,5,p
186,1,6,r
186,1,7,t
186,1,8,q
186,1,9,S
186,1,10,R
186,2,1,t
186,2,2,Z
186,2,3,j
186,2,4,H
186,2,5,z
186,2,6,T
186,2,7,t
186,2,8,h
186,2,9,l
186,2,10,b
187,1,1,G
187,1,2,r
187,1,3,G
187,1,4,s
187,1,5,q
187,1,6,f
187,1,7,b
187,1,8,t
187,1,9,s
187,1,10,W
187,1,11,G
187,1,12,W
187,1,13,W
187,1,14,n
187,1,15,t
187,1,16,n
187,1,17,r
187,1,18,r
187,1,19,w
187,1,20,W
187,1,21,W
187,1,22,W
187,1,23,G
187,2,1,S
187,2,2,S
187,2,3,D
187,2,4,S
187,2,5,M
187,2,6,D
187,2,7,c
187,2,8,S
187,2,9,S
187,2,10,S
187,2,11,w
187,2,12,T
187,2,13,D
187,2,14,z
187,2,15,P
187,2,16,z
187,2,17,J
187,2,18,S
187,2,19,J
187,2,20,z
187,2,21,P
187,2,22,c
187,2,23,T
188,1,1,l
188,1,2,m
188,1,3,Q
188,1,4,h
188,1,5,h
188,1,6,V
188,1,7,C
188,1,8,g
188,1,9,m
188,1,10,f
188,1,11,f
188,1,12,C
188,1,13,N
188,1,14,g
188,1,15,m
188,1,16,N
188,1,17,N
188,1,18,m
188,1,19,C
188,1,20,m
188,1,21,B
188,1,22,N
188,1,23,R
188,1,24,R
188,2,1,P
188,2,2,v
188,2,3,D
188,2,4,z
188,2,5,D
188,2,6,M
188,2,7,h
188,2,8,J
188,2,9,v
188,2,10,S
188,2,11,S
188,2,12,D
188,2,13,J
188,2,14,z
188,2,15,z
188,2,16,c
188,2,17,T
188,2,18,z
188,2,19,v
188,2,20,v
188,2,21,P
188,2,22,v
188,2,23,M
188,2,24,T
189,1,1,V
189,1,2,B
189,1,3,l
189,1,4,l
189,1,5,N
189,1,6,B
189,1,7,p
189,1,8,f
189,1,9,Q
189,1,10,g
189,1,11,Q
189,1,12,m
189,1,13,p
189,1,14,L
189,1,15,B
189,1,16,p
189,1,17,R
189,1,18,B
189,2,1,t
189,2,2,n
189,2,3,q
189,2,4,W
189,2,5,L
189,2,6,F
189,2,7,F
189,2,8,n
189,2,9,Z
189,2,10,Z
189,2,11,W
189,2,12,W
189,2,13,G
189,2,14,r
189,2,15,Z
189,2,16,r
189,2,17,j
189,2,18,q
190,1,1,N
190,1,2,R
190,1,3,J
190,1,4,d
190,1,5,n
190,1,6,g
190,1,7,M
190,1,8,V
190,1,9,w
190,1,10,f
190,1,11,g
190,1,12,n
190,1,13,w
190,1,14,J
190,1,15,t
190,1,16,v
190,2,1,l
190,2,2,b
190,2,3,l
190,2,4,c
190,2,5,W
190,2,6,L
190,2,7,l
190,2,8,L
190,2,9,D
190,2,10,H
190,2,11,f
190,2,12,c
190,2,13,c
190,2,14,D
190,2,15,b
190,2,16,W
191,1,1,P
191,1,2,F
191,1,3,J
191,1,4,z
191,1,5,B
191,1,6,m
191,1,7,h
191,1,8,m
191,1,9,j
191,1,10,P
191,1,11,F
191,1,12,p
191,1,13,J
191,1,14,r
191,1,15,F
191,1,16,q
191,2,1,L
191,2,2,c
191,2,3,Q
191,2,4,H
191,2,5,L
191,2,6,l
191,2,7,H
191,2,8,G
191,2,9,D
191,2,10,l
191,2,11,H
191,2,12,D
191,2,13,Q
191,2,14,b
191,2,15,G
191,2,16,z
192,1,1,S
192,1,2,h
192,1,3,J
192,1,4,Z
192,1,5,J
192,1,6,m
192,1,7,P
192,1,8,F
192,1,9,p
192,2,1,w
192,2,2,d
192,2,3,M
192,2,4,v
192,2,5,C
192,2,6,C
192,2,7,Z
192,2,8,R
192,2,9,d
193,1,1,W
193,1,2,Q
193,1,3,D
193,1,4,q
193,1,5,S
193,1,6,V
193,1,7,W
193,1,8,q
193,1,9,p
193,1,10,B
193,1,11,C
193,1,12,s
193,1,13,P
193,1,14,q
193,1,15,P
193,1,16,W
193,1,17,W
193,2,1,N
193,2,2,s
193,2,3,c
193,2,4,f
193,2,5,r
193,2,6,H
193,2,7,f
193,2,8,h
193,2,9,r
193,2,10,h
193,2,11,r
193,2,12,H
193,2,13,h
193,2,14,G
193,2,15,F
193,2,16,G
193,2,17,s
194,1,1,M
194,1,2,m
194,1,3,L
194,1,4,R
194,1,5,m
194,1,6,L
194,1,7,T
194,1,8,j
194,1,9,m
194,1,10,T
194,1,11,z
194,1,12,T
194,1,13,z
194,1,14,l
194,2,1,h
194,2,2,G
194,2,3,H
194,2,4,f
194,2,5,p
194,2,6,r
194,2,7,h
194,2,8,v
194,2,9,f
194,2,10,F
194,2,11,h
194,2,12,H
194,2,13,f
194,2,14,T
195,1,1,m
195,1,2,L
195,1,3,Z
195,1,4,L
195,1,5,R
195,1,6,d
195,1,7,g
195,1,8,M
195,1,9,R
195,1,10,j
195,1,11,t
195,1,12,d
195,1,13,d
195,1,14,d
195,1,15,m
195,1,16,d
195,1,17,g
195,1,18,w
195,1,19,m
195,1,20,t
195,1,21,M
195,2,1,w
195,2,2,Q
195,2,3,S
195,2,4,C
195,2,5,P
195,2,6,b
195,2,7,n
195,2,8,D
195,2,9,S
195,2,10,S
195,2,11,C
195,2,12,q
195,2,13,B
195,2,14,D
195,2,15,w
195,2,16,p
195,2,17,W
195,2,18,P
195,2,19,Q
195,2,20,q
195,2,21,n
196,1,1,r
196,1,2,N
196,1,3,H
196,1,4,w
196,1,5,M
196,1,6,M
196,1,7,G
196,1,8,D
196,1,9,r
196,1,10,g
196,1,11,g
196,1,12,W
196,1,13,w
196,1,14,s
196,1,15,v
196,1,16,W
196,1,17,M
196,1,18,P
196,1,19,M
196,1,20,W
196,1,21,W
196,1,22,w
196,2,1,j
196,2,2,b
196,2,3,C
196,2,4,q
196,2,5,j
196,2,6,C
196,2,7,B
196,2,8,l
196,2,9,Z
196,2,10,q
196,2,11,v
196,2,12,f
196,2,13,j
196,2,14,B
196,2,15,q
196,2,16,C
196,2,17,J
196,2,18,h
196,2,19,f
196,2,20,f
196,2,21,f
196,2,22,j
197,1,1,F
197,1,2,b
197,1,3,t
197,1,4,F
197,1,5,m
197,1,6,R
197,1,7,T
197,1,8,p
197,1,9,z
197,2,1,B
197,2,2,B
197,2,3,Z
197,2,4,q
197,2,5,C
197,2,6,C
197,2,7,l
197,2,8,p
197,2,9,J
198,1,1,z
198,1,2,t
198,1,3,b
198,1,4,z
198,1,5,F
198,1,6,t
198,1,7,n
198,1,8,z
198,1,9,V
198,2,1,N
198,2,2,n
198,2,3,N
198,2,4,N
198,2,5,P
198,2,6,P
198,2,7,D
198,2,8,G
198,2,9,D
199,1,1,P
199,1,2,L
199,1,3,P
199,1,4,F
199,1,5,c
199,1,6,w
199,1,7,d
199,1,8,L
199,1,9,d
199,1,10,F
199,1,11,c
199,1,12,b
199,1,13,g
199,1,14,d
199,1,15,f
199,1,16,S
199,1,17,w
199,1,18,F
199,2,1,t
199,2,2,W
199,2,3,h
199,2,4,G
199,2,5,W
199,2,6,G
199,2,7,R
199,2,8,M
199,2,9,W
199,2,10,M
199,2,11,J
199,2,12,M
199,2,13,G
199,2,14,C
199,2,15,b
199,2,16,l
199,2,17,J
199,2,18,R
200,1,1,q
200,1,2,T
200,1,3,p
200,1,4,s
200,1,5,z
200,1,6,V
200,1,7,V
200,1,8,j
200,2,1,R
200,2,2,l
200,2,3,C
200,2,4,H
200,2,5,t
200,2,6,W
200,2,7,C
200,2,8,T
201,1,1,q
201,1,2,z
201,1,3,v
201,1,4,r
201,1,5,D
201,1,6,q
201,1,7,Q
201,1,8,r
201,1,9,q
201,1,10,z
201,1,11,n
201,1,12,z
201,2,1,g
201,2,2,g
201,2,3,F
201,2,4,Z
201,2,5,w
201,2,6,F
201,2,7,w
201,2,8,Q
201,2,9,S
201,2,10,c
201,2,11,d
201,2,12,W
202,1,1,L
202,1,2,W
202,1,3,L
202,1,4,j
202,1,5,L
202,1,6,N
202,1,7,j
202,1,8,N
202,1,9,j
202,1,10,T
202,1,11,w
202,1,12,l
202,1,13,w
202,1,14,L
202,1,15,Z
202,2,1,V
202,2,2,c
202,2,3,B
202,2,4,V
202,2,5,c
202,2,6,V
202,2,7,V
202,2,8,Z
202,2,9,c
202,2,10,B
202,2,11,V
202,2,12,Q
202,2,13,c
202,2,14,Z
202,2,15,Z
203,1,1,J
203,1,2,h
203,1,3,G
203,1,4,h
203,1,5,F
203,1,6,d
203,1,7,m
203,1,8,B
203,1,9,R
203,1,10,d
203,1,11,G
203,1,12,G
203,1,13,D
203,2,1,n
203,2,2,Q
203,2,3,t
203,2,4,b
203,2,5,P
203,2,6,v
203,2,7,V
203,2,8,V
203,2,9,d
203,2,10,n
203,2,11,c
203,2,12,c
203,2,13,S
204,1,1,z
204,1,2,D
204,1,3,r
204,1,4,r
204,1,5,F
204,1,6,G
204,1,7,F
204,1,8,F
204,1,9,R
204,1,10,g
204,1,11,R
204,1,12,H
204,1,13,m
204,1,14,D
204,2,1,N
204,2,2,W
204,2,3,T
204,2,4,p
204,2,5,j
204,2,6,T
204,2,7,B
204,2,8,N
204,2,9,T
204,2,10,H
204,2,11,W
204,2,12,N
204,2,13,j
204,2,14,W
205,1,1,f
205,1,2,w
205,1,3,f
205,1,4,B
205,1,5,V
205,1,6,L
205,1,7,h
205,1,8,m
205,1,9,w
205,1,10,f
205,1,11,h
205,1,12,H
205,1,13,s
205,1,14,g
205,1,15,B
205,2,1,s
205,2,2,t
205,2,3,W
205,2,4,C
205,2,5,W
205,2,6,Q
205,2,7,n
205,2,8,D
205,2,9,Q
205,2,10,n
205,2,11,l
205,2,12,l
205,2,13,d
205,2,14,W
205,2,15,W
206,1,1,h
206,1,2,Z
206,1,3,v
206,1,4,F
206,1,5,T
206,1,6,N
206,1,7,J
206,1,8,r
206,1,9,Z
206,1,10,j
206,1,11,Z
206,1,12,b
206,1,13,F
206,1,14,v
206,1,15,N
206,1,16,v
206,2,1,t
206,2,2,t
206,2,3,q
206,2,4,W
206,2,5,W
206,2,6,D
206,2,7,t
206,2,8,c
206,2,9,W
206,2,10,q
206,2,11,C
206,2,12,t
206,2,13,F
206,2,14,D
206,2,15,W
206,2,16,n
207,1,1,r
207,1,2,b
207,1,3,j
207,1,4,j
207,1,5,r
207,1,6,j
207,1,7,p
207,1,8,R
207,1,9,z
207,1,10,R
207,1,11,z
207,2,1,g
207,2,2,B
207,2,3,L
207,2,4,z
207,2,5,w
207,2,6,L
207,2,7,g
207,2,8,m
207,2,9,z
207,2,10,L
207,2,11,h
208,1,1,Z
208,1,2,q
208,1,3,q
208,1,4,q
208,1,5,W
208,1,6,V
208,1,7,z
208,1,8,d
208,1,9,S
208,1,10,P
208,1,11,n
208,2,1,w
208,2,2,B
208,2,3,J
208,2,4,B
208,2,5,f
208,2,6,w
208,2,7,J
208,2,8,f
208,2,9,Z
208,2,10,T
208,2,11,s
209,1,1,F
209,1,2,H
209,1,3,G
209,1,4,g
209,1,5,j
209,1,6,R
209,1,7,L
209,1,8,M
209,2,1,J
209,2,2,F
209,2,3,s
209,2,4,J
209,2,5,T
209,2,6,s
209,2,7,B
209,2,8,w
210,1,1,D
210,1,2,H
210,1,3,R
210,1,4,c
210,1,5,D
210,1,6,g
210,1,7,H
210,1,8,v
210,1,9,L
210,1,10,h
210,2,1,D
210,2,2,W
210,2,3,P
210,2,4,S
210,2,5,C
210,2,6,z
210,2,7,w
210,2,8,q
210,2,9,n
210,2,10,q
211,1,1,L
211,1,2,Z
211,1,3,G
211,1,4,Z
211,1,5,L
211,1,6,L
211,1,7,R
211,1,8,L
211,1,9,Z
211,1,10,p
211,1,11,R
211,1,12,Q
211,1,13,B
211,1,14,t
211,2,1,P
211,2,2,T
211,2,3,j
211,2,4,T
211,2,5,f
211,2,6,f
211,2,7,r
211,2,8,H
211,2,9,l
211,2,10,j
211,2,11,j
211,2,12,m
211,2,13,s
211,2,14,B
212,1,1,w
212,1,2,N
212,1,3,V
212,1,4,V
212,1,5,w
212,1,6,c
212,1,7,C
212,1,8,g
212,1,9,N
212,1,10,C
212,1,11,C
212,1,12,S
212,1,13,c
212,1,14,w
212,1,15,g
212,1,16,g
212,2,1,m
212,2,2,j
212,2,3,H
212,2,4,j
212,2,5,T
212,2,6,P
212,2,7,m
212,2,8,Q
212,2,9,P
212,2,10,s
212,2,11,T
212,2,12,H
212,2,13,m
212,2,14,l
212,2,15,S
212,2,16,s
213,1,1,g
213,1,2,b
213,1,3,b
213,1,4,w
213,1,5,b
213,1,6,q
213,1,7,h
213,1,8,N
213,1,9,C
213,1,10,Q
213,1,11,c
213,1,12,b
213,1,13,q
213,1,14,q
213,1,15,V
213,1,16,c
213,2,1,h
213,2,2,W
213,2,3,h
213,2,4,t
213,2,5,R
213,2,6,Z
213,2,7,D
213,2,8,J
213,2,9,W
213,2,10,J
213,2,11,D
213,2,12,t
213,2,13,Z
213,2,14,L
213,2,15,W
213,2,16,L
214,1,1,C
214,1,2,m
214,1,3,T
214,1,4,m
214,1,5,v
214,1,6,v
214,1,7,m
214,1,8,v
214,1,9,z
214,1,10,C
214,1,11,C
214,1,12,C
214,1,13,g
214,1,14,z
214,1,15,z
214,1,16,V
214,1,17,Q
214,1,18,m
214,1,19,T
214,1,20,Q
214,1,21,v
214,1,22,T
214,1,23,j
214,2,1,j
214,2,2,G
214,2,3,R
214,2,4,G
214,2,5,S
214,2,6,h
214,2,7,w
214,2,8,S
214,2,9,H
214,2,10,w
214,2,11,R
214,2,12,r
214,2,13,R
214,2,14,S
214,2,15,S
214,2,16,S
214,2,17,S
214,2,18,D
214,2,19,N
214,2,20,H
214,2,21,S
214,2,22,F
214,2,23,N
215,1,1,P
215,1,2,q
215,1,3,Z
215,1,4,q
215,1,5,W
215,1,6,d
215,1,7,q
215,1,8,l
215,1,9,p
215,1,10,l
215,1,11,s
215,1,12,q
215,1,13,B
215,1,14,J
215,1,15,M
215,1,16,M
215,1,17,s
215,1,18,M
215,1,19,M
215,1,20,n
215,2,1,G
215,2,2,R
215,2,3,J
215,2,4,R
215,2,5,b
215,2,6,b
215,2,7,N
215,2,8,w
215,2,9,N
215,2,10,h
215,2,11,r
215,2,12,r
215,2,13,h
215,2,14,S
215,2,15,h
215,2,16,G
215,2,17,S
215,2,18,h
215,2,19,F
215,2,20,D
216,1,1,f
216,1,2,B
216,1,3,W
216,1,4,B
216,1,5,W
216,1,6,d
216,1,7,Z
216,1,8,p
216,1,9,p
216,1,10,q
216,1,11,p
216,1,12,q
216,1,13,D
216,1,14,M
216,1,15,B
216,1,16,d
216,1,17,l
216,1,18,f
216,2,1,c
216,2,2,T
216,2,3,C
216,2,4,T
216,2,5,L
216,2,6,t
216,2,7,L
216,2,8,t
216,2,9,L
216,2,10,C
216,2,11,Q
216,2,12,f
216,2,13,Q
216,2,14,v
216,2,15,c
216,2,16,m
216,2,17,g
216,2,18,v
217,1,1,p
217,1,2,n
217,1,3,t
217,1,4,d
217,1,5,t
217,1,6,d
217,1,7,H
217,1,8,H
217,1,9,W
217,1,10,H
217,1,11,q
217,1,12,n
217,1,13,p
217,1,14,t
217,1,15,G
217,1,16,p
217,1,17,q
217,1,18,H
217,1,19,q
217,2,1,N
217,2,2,g
217,2,3,M
217,2,4,Q
217,2,5,w
217,2,6,P
217,2,7,P
217,2,8,P
217,2,9,n
217,2,10,Z
217,2,11,M
217,2,12,Z
217,2,13,Z
217,2,14,Z
217,2,15,Z
217,2,16,c
217,2,17,f
217,2,18,g
217,2,19,c
218,1,1,L
218,1,2,F
218,1,3,m
218,1,4,L
218,1,5,S
218,1,6,V
218,1,7,B
218,1,8,R
218,1,9,T
218,1,10,S
218,1,11,B
218,1,12,B
218,1,13,R
218,1,14,r
218,2,1,f
218,2,2,f
218,2,3,T
218,2,4,Q
218,2,5,g
218,2,6,M
218,2,7,f
218,2,8,Q
218,2,9,M
218,2,10,t
218,2,11,J
218,2,12,Z
218,2,13,Q
218,2,14,T
219,1,1,b
219,1,2,m
219,1,3,R
219,1,4,C
219,1,5,S
219,1,6,S
219,1,7,S
219,1,8,j
219,1,9,R
219,1,10,C
219,1,11,t
219,1,12,S
219,1,13,r
219,1,14,R
219,1,15,C
219,2,1,h
219,2,2,j
219,2,3,q
219,2,4,q
219,2,5,G
219,2,6,q
219,2,7,p
219,2,8,p
219,2,9,p
219,2,10,G
219,2,11,h
219,2,12,q
219,2,13,D
219,2,14,G
219,2,15,p
220,1,1,d
220,1,2,G
220,1,3,G
220,1,4,h
220,1,5,h
220,1,6,f
220,1,7,N
220,1,8,f
220,2,1,g
220,2,2,R
220,2,3,T
220,2,4,G
220,2,5,L
220,2,6,c
220,2,7,p
220,2,8,L
221,1,1,B
221,1,2,m
221,1,3,C
221,1,4,C
221,1,5,w
221,1,6,Q
221,1,7,M
221,1,8,Q
221,1,9,q
221,1,10,m
221,1,11,Q
221,1,12,r
221,1,13,B
221,1,14,C
221,1,15,B
221,1,16,J
221,2,1,L
221,2,2,p
221,2,3,b
221,2,4,V
221,2,5,T
221,2,6,F
221,2,7,b
221,2,8,H
221,2,9,c
221,2,10,g
221,2,11,c
221,2,12,b
221,2,13,L
221,2,14,T
221,2,15,M
221,2,16,c
222,1,1,J
222,1,2,r
222,1,3,p
222,1,4,q
222,1,5,J
222,1,6,J
222,1,7,m
222,1,8,q
222,1,9,q
222,1,10,q
222,1,11,q
222,1,12,m
222,1,13,z
222,1,14,q
222,1,15,q
222,1,16,w
222,1,17,m
222,1,18,w
222,2,1,N
222,2,2,l
222,2,3,z
222,2,4,f
222,2,5,v
222,2,6,l
222,2,7,t
222,2,8,D
222,2,9,P
222,2,10,l
222,2,11,t
222,2,12,f
222,2,13,s
222,2,14,h
222,2,15,l
222,2,16,h
222,2,17,N
222,2,18,N
223,1,1,V
223,1,2,C
223,1,3,C
223,1,4,b
223,1,5,M
223,1,6,J
223,1,7,f
223,1,8,J
223,1,9,l
223,1,10,g
223,1,11,R
223,1,12,C
223,2,1,n
223,2,2,N
223,2,3,G
223,2,4,V
223,2,5,N
223,2,6,n
223,2,7,v
223,2,8,F
223,2,9,v
223,2,10,V
223,2,11,B
223,2,12,F
224,1,1,S
224,1,2,T
224,1,3,s
224,1,4,g
224,1,5,c
224,1,6,Z
224,1,7,d
224,1,8,g
224,1,9,h
224,1,10,Z
224,1,11,s
224,1,12,q
224,1,13,S
224,2,1,t
224,2,2,t
224,2,3,B
224,2,4,n
224,2,5,s
224,2,6,G
224,2,7,n
224,2,8,B
224,2,9,t
224,2,10,B
224,2,11,t
224,2,12,H
224,2,13,t
225,1,1,q
225,1,2,D
225,1,3,c
225,1,4,j
225,1,5,g
225,1,6,D
225,1,7,p
225,1,8,h
225,1,9,j
225,1,10,h
225,1,11,S
225,1,12,g
225,1,13,h
225,1,14,Z
225,1,15,T
225,1,16,Q
225,1,17,g
225,2,1,C
225,2,2,J
225,2,3,W
225,2,4,Q
225,2,5,W
225,2,6,W
225,2,7,f
225,2,8,w
225,2,9,f
225,2,10,R
225,2,11,z
225,2,12,W
225,2,13,l
225,2,14,w
225,2,15,J
225,2,16,z
225,2,17,J
226,1,1,J
226,1,2,H
226,1,3,M
226,1,4,V
226,1,5,M
226,1,6,v
226,1,7,m
226,1,8,v
226,1,9,R
226,1,10,c
226,1,11,d
226,1,12,b
226,1,13,m
226,1,14,r
226,1,15,R
226,1,16,H
226,2,1,Q
226,2,2,B
226,2,3,B
226,2,4,G
226,2,5,j
226,2,6,c
226,2,7,j
226,2,8,f
226,2,9,F
226,2,10,Q
226,2,11,f
226,2,12,C
226,2,13,h
226,2,14,S
226,2,15,f
226,2,16,j
227,1,1,N
227,1,2,l
227,1,3,t
227,1,4,N
227,1,5,t
227,1,6,Z
227,1,7,l
227,1,8,l
227,1,9,g
227,1,10,Z
227,1,11,t
227,1,12,g
227,1,13,t
227,1,14,n
227,1,15,p
227,1,16,n
227,1,17,q
227,1,18,N
227,1,19,W
227,1,20,p
227,1,21,g
227,2,1,C
227,2,2,r
227,2,3,C
227,2,4,B
227,2,5,Q
227,2,6,z
227,2,7,B
227,2,8,G
227,2,9,z
227,2,10,F
227,2,11,h
227,2,12,Q
227,2,13,r
227,2,14,G
227,2,15,S
227,2,16,S
227,2,17,B
227,2,18,C
227,2,19,z
227,2,20,W
227,2,21,h
228,1,1,p
228,1,2,D
228,1,3,r
228,1,4,w
228,1,5,n
228,1,6,q
228,1,7,L
228,1,8,l
228,2,1,v
228,2,2,D
228,2,3,V
228,2,4,m
228,2,5,P
228,2,6,b
228,2,7,s
228,2,8,s
229,1,1,d
229,1,2,b
229,1,3,r
229,1,4,p
229,1,5,b
229,1,6,S
229,1,7,r
229,1,8,w
229,1,9,B
229,1,10,j
229,1,11,s
229,1,12,w
229,1,13,s
229,1,14,S
229,1,15,j
229,1,16,C
229,1,17,w
229,2,1,q
229,2,2,l
229,2,3,l
229,2,4,L
229,2,5,q
229,2,6,F
229,2,7,t
229,2,8,q
229,2,9,L
229,2,10,c
229,2,11,r
229,2,12,G
229,2,13,q
229,2,14,q
229,2,15,F
229,2,16,t
229,2,17,F
230,1,1,R
230,1,2,v
230,1,3,f
230,1,4,J
230,1,5,D
230,1,6,Q
230,1,7,n
230,1,8,R
230,1,9,p
230,1,10,H
230,1,11,v
230,1,12,v
230,1,13,Q
230,1,14,f
230,1,15,R
230,1,16,v
230,1,17,v
230,1,18,Q
230,1,19,R
230,1,20,J
230,2,1,F
230,2,2,D
230,2,3,q
230,2,4,z
230,2,5,c
230,2,6,W
230,2,7,l
230,2,8,t
230,2,9,F
230,2,10,F
230,2,11,l
230,2,12,z
230,2,13,c
230,2,14,L
230,2,15,t
230,2,16,t
230,2,17,W
230,2,18,l
230,2,19,t
230,2,20,W
231,1,1,Z
231,1,2,p
231,1,3,n
231,1,4,R
231,1,5,V
231,1,6,Z
231,1,7,H
231,1,8,m
231,1,9,v
231,1,10,H
231,1,11,n
231,1,12,T
231,1,13,n
231,1,14,P
231,1,15,Z
231,1,16,Z
231,1,17,P
231,1,18,H
231,1,19,f
231,1,20,H
231,1,21,m
231,2,1,V
231,2,2,w
231,2,3,d
231,2,4,j
231,2,5,V
231,2,6,g
231,2,7,h
231,2,8,w
231,2,9,g
231,2,10,V
231,2,11,S
231,2,12,B
231,2,13,g
231,2,14,d
231,2,15,B
231,2,16,B
231,2,17,C
231,2,18,w
231,2,19,g
231,2,20,d
231,2,21,C
232,1,1,W
232,1,2,R
232,1,3,C
232,1,4,B
232,1,5,G
232,1,6,W
232,1,7,v
232,1,8,N
232,1,9,g
232,2,1,H
232,2,2,n
232,2,3,M
232,2,4,c
232,2,5,F
232,2,6,w
232,2,7,n
232,2,8,p
232,2,9,C
233,1,1,l
233,1,2,t
233,1,3,l
233,1,4,s
233,1,5,t
233,1,6,r
233,1,7,j
233,1,8,l
233,1,9,J
233,1,10,N
233,1,11,l
233,1,12,f
233,1,13,r
233,1,14,Z
233,1,15,Z
233,1,16,q
233,1,17,D
233,1,18,J
233,1,19,t
233,1,20,N
233,1,21,L
233,1,22,s
233,2,1,H
233,2,2,n
233,2,3,m
233,2,4,w
233,2,5,w
233,2,6,p
233,2,7,c
233,2,8,H
233,2,9,p
233,2,10,h
233,2,11,h
233,2,12,F
233,2,13,P
233,2,14,M
233,2,15,F
233,2,16,j
233,2,17,w
233,2,18,h
233,2,19,m
233,2,20,n
233,2,21,F
233,2,22,p
234,1,1,T
234,1,2,S
234,1,3,t
234,1,4,J
234,1,5,s
234,1,6,s
234,1,7,L
234,1,8,s
234,1,9,t
234,1,10,J
234,1,11,L
234,1,12,t
234,1,13,q
234,1,14,T
234,1,15,s
234,2,1,N
234,2,2,g
234,2,3,v
234,2,4,v
234,2,5,S
234,2,6,B
234,2,7,N
234,2,8,z
234,2,9,z
234,2,10,v
234,2,11,W
234,2,12,v
234,2,13,G
234,2,14,R
234,2,15,z
235,1,1,V
235,1,2,B
235,1,3,j
235,1,4,d
235,1,5,W
235,1,6,d
235,1,7,G
235,1,8,c
235,1,9,q
235,1,10,W
235,1,11,d
235,1,12,B
235,2,1,V
235,2,2,C
235,2,3,F
235,2,4,R
235,2,5,m
235,2,6,H
235,2,7,w
235,2,8,f
235,2,9,C
235,2,10,R
235,2,11,R
235,2,12,V
236,1,1,D
236,1,2,L
236,1,3,z
236,1,4,N
236,1,5,p
236,1,6,q
236,1,7,b
236,1,8,D
236,1,9,z
236,1,10,D
236,1,11,N
236,1,12,b
236,1,13,r
236,1,14,J
236,1,15,v
236,1,16,l
236,1,17,t
236,1,18,M
236,1,19,L
236,1,20,J
236,1,21,L
236,2,1,R
236,2,2,R
236,2,3,m
236,2,4,t
236,2,5,R
236,2,6,F
236,2,7,T
236,2,8,S
236,2,9,R
236,2,10,m
236,2,11,T
236,2,12,m
236,2,13,F
236,2,14,w
236,2,15,f
236,2,16,R
236,2,17,H
236,2,18,R
236,2,19,T
236,2,20,F
236,2,21,f
237,1,1,z
237,1,2,v
237,1,3,v
237,1,4,J
237,1,5,N
237,1,6,L
237,1,7,g
237,1,8,N
237,2,1,q
237,2,2,G
237,2,3,c
237,2,4,n
237,2,5,j
237,2,6,g
237,2,7,n
237,2,8,P
238,1,1,J
238,1,2,j
238,1,3,d
238,1,4,n
238,1,5,F
238,1,6,f
238,1,7,b
238,1,8,d
238,1,9,b
238,1,10,d
238,1,11,Q
238,1,12,M
238,1,13,b
238,1,14,Q
238,1,15,z
238,1,16,j
238,2,1,t
238,2,2,R
238,2,3,c
238,2,4,w
238,2,5,c
238,2,6,C
238,2,7,v
238,2,8,b
238,2,9,v
238,2,10,B
238,2,11,q
238,2,12,R
238,2,13,B
238,2,14,C
238,2,15,w
238,2,16,t
239,1,1,L
239,1,2,l
239,1,3,N
239,1,4,H
239,1,5,l
239,1,6,W
239,1,7,G
239,1,8,p
239,1,9,r
239,1,10,P
239,2,1,C
239,2,2,V
239,2,3,V
239,2,4,B
239,2,5,s
239,2,6,V
239,2,7,z
239,2,8,q
239,2,9,N
239,2,10,R
240,1,1,h
240,1,2,L
240,1,3,m
240,1,4,g
240,1,5,T
240,1,6,l
240,1,7,r
240,1,8,p
240,1,9,P
240,1,10,P
240,1,11,H
240,1,12,r
240,1,13,L
240,1,14,p
240,1,15,r
240,1,16,H
240,1,17,r
240,1,18,T
240,1,19,T
240,1,20,G
240,1,21,g
240,1,22,g
240,1,23,H
240,1,24,W
240,2,1,z
240,2,2,h
240,2,3,Z
240,2,4,F
240,2,5,S
240,2,6,J
240,2,7,D
240,2,8,f
240,2,9,h
240,2,10,M
240,2,11,d
240,2,12,n
240,2,13,j
240,2,14,j
240,2,15,Z
240,2,16,f
240,2,17,F
240,2,18,f
240,2,19,d
240,2,20,F
240,2,21,M
240,2,22,j
240,2,23,F
240,2,24,z
241,1,1,b
241,1,2,D
241,1,3,b
241,1,4,w
241,1,5,R
241,1,6,p
241,1,7,C
241,1,8,S
241,2,1,R
241,2,2,g
241,2,3,q
241,2,4,q
241,2,5,M
241,2,6,f
241,2,7,M
241,2,8,f
242,1,1,H
242,1,2,z
242,1,3,z
242,1,4,P
242,1,5,c
242,1,6,P
242,1,7,n
242,1,8,h
242,1,9,z
242,1,10,l
242,1,11,h
242,1,12,s
242,1,13,Q
242,1,14,z
242,1,15,H
242,1,16,h
242,1,17,H
242,1,18,n
242,2,1,T
242,2,2,g
242,2,3,g
242,2,4,B
242,2,5,B
242,2,6,q
242,2,7,T
242,2,8,Q
242,2,9,T
242,2,10,g
242,2,11,V
242,2,12,Q
242,2,13,q
242,2,14,B
242,2,15,q
242,2,16,j
242,2,17,Z
242,2,18,W
243,1,1,t
243,1,2,n
243,1,3,s
243,1,4,r
243,1,5,F
243,1,6,c
243,1,7,c
243,1,8,n
243,1,9,z
243,1,10,s
243,2,1,D
243,2,2,v
243,2,3,G
243,2,4,p
243,2,5,N
243,2,6,G
243,2,7,q
243,2,8,N
243,2,9,t
243,2,10,q
244,1,1,G
244,1,2,m
244,1,3,P
244,1,4,s
244,1,5,P
244,1,6,r
244,1,7,s
244,1,8,S
244,1,9,l
244,1,10,s
244,1,11,w
244,1,12,N
244,1,13,m
244,1,14,c
244,2,1,L
244,2,2,z
244,2,3,M
244,2,4,v
244,2,5,n
244,2,6,p
244,2,7,n
244,2,8,m
244,2,9,M
244,2,10,p
244,2,11,L
244,2,12,B
244,2,13,C
244,2,14,f
245,1,1,g
245,1,2,l
245,1,3,D
245,1,4,T
245,1,5,Z
245,1,6,R
245,1,7,D
245,1,8,q
245,1,9,R
245,1,10,T
245,1,11,j
245,1,12,R
245,2,1,C
245,2,2,v
245,2,3,j
245,2,4,v
245,2,5,f
245,2,6,B
245,2,7,p
245,2,8,f
245,2,9,C
245,2,10,z
245,2,11,v
245,2,12,p
246,1,1,D
246,1,2,H
246,1,3,l
246,1,4,J
246,1,5,V
246,1,6,h
246,1,7,J
246,1,8,R
246,1,9,D
246,1,10,T
246,1,11,b
246,1,12,q
246,1,13,Z
246,1,14,D
246,1,15,q
246,2,1,S
246,2,2,N
246,2,3,V
246,2,4,r
246,2,5,N
246,2,6,w
246,2,7,t
246,2,8,V
246,2,9,r
246,2,10,Q
246,2,11,w
246,2,12,S
246,2,13,S
246,2,14,G
246,2,15,s
247,1,1,n
247,1,2,N
247,1,3,n
247,1,4,D
247,1,5,w
247,1,6,q
247,1,7,D
247,1,8,w
247,1,9,F
247,1,10,V
247,1,11,g
247,1,12,D
247,1,13,w
247,1,14,D
247,1,15,n
247,1,16,C
247,1,17,g
247,1,18,L
247,1,19,n
247,1,20,L
247,1,21,p
247,1,22,C
247,1,23,V
247,2,1,W
247,2,2,d
247,2,3,B
247,2,4,M
247,2,5,R
247,2,6,p
247,2,7,s
247,2,8,P
247,2,9,d
247,2,10,M
247,2,11,P
247,2,12,P
247,2,13,j
247,2,14,R
247,2,15,H
247,2,16,R
247,2,17,H
247,2,18,H
247,2,19,R
247,2,20,d
247,2,21,B
247,2,22,W
247,2,23,j
248,1,1,t
248,1,2,Q
248,1,3,t
248,1,4,f
248,1,5,T
248,1,6,t
248,1,7,J
248,1,8,t
248,1,9,J
248,1,10,m
248,1,11,l
248,1,12,T
248,1,13,Q
248,1,14,r
248,1,15,T
248,1,16,t
248,1,17,T
248,1,18,l
248,1,19,h
248,1,20,f
248,1,21,z
248,1,22,r
248,1,23,m
248,2,1,d
248,2,2,H
248,2,3,z
248,2,4,M
248,2,5,M
248,2,6,R
248,2,7,M
248,2,8,s
248,2,9,B
248,2,10,P
248,2,11,P
248,2,12,d
248,2,13,d
248,2,14,j
248,2,15,d
248,2,16,d
248,2,17,B
248,2,18,P
248,2,19,P
248,2,20,d
248,2,21,W
248,2,22,s
248,2,23,B
249,1,1,b
249,1,2,b
249,1,3,h
249,1,4,t
249,1,5,Q
249,1,6,T
249,1,7,f
249,1,8,T
249,1,9,T
249,1,10,s
249,1,11,m
249,1,12,m
249,1,13,b
249,1,14,S
249,1,15,t
249,2,1,n
249,2,2,q
249,2,3,G
249,2,4,F
249,2,5,G
249,2,6,N
249,2,7,D
249,2,8,b
249,2,9,F
249,2,10,D
249,2,11,g
249,2,12,F
249,2,13,V
249,2,14,n
249,2,15,w
250,1,1,d
250,1,2,s
250,1,3,V
250,1,4,p
250,1,5,D
250,1,6,P
250,1,7,B
250,1,8,M
250,1,9,H
250,1,10,V
250,1,11,d
250,1,12,H
250,1,13,p
250,1,14,p
250,1,15,l
250,1,16,p
250,1,17,v
250,1,18,d
250,1,19,H
250,2,1,j
250,2,2,R
250,2,3,j
250,2,4,m
250,2,5,m
250,2,6,j
250,2,7,R
250,2,8,T
250,2,9,M
250,2,10,T
250,2,11,F
250,2,12,F
250,2,13,r
250,2,14,r
250,2,15,T
250,2,16,T
250,2,17,F
250,2,18,Q
250,2,19,q
251,1,1,L
251,1,2,z
251,1,3,z
251,1,4,W
251,1,5,Z
251,1,6,L
251,1,7,G
251,1,8,C
251,1,9,z
251,1,10,C
251,1,11,W
251,1,12,N
251,2,1,j
251,2,2,f
251,2,3,m
251,2,4,R
251,2,5,f
251,2,6,B
251,2,7,h
251,2,8,m
251,2,9,Q
251,2,10,j
251,2,11,Z
251,2,12,q
252,1,1,z
252,1,2,S
252,1,3,S
252,1,4,S
252,1,5,w
252,1,6,J
252,1,7,w
252,1,8,S
252,1,9,B
252,1,10,z
252,1,11,N
252,1,12,t
252,1,13,z
252,1,14,L
252,1,15,B
252,1,16,b
252,1,17,w
252,1,18,b
252,1,19,S
252,1,20,G
252,1,21,L
252,1,22,z
252,1,23,W
252,2,1,V
252,2,2,v
252,2,3,c
252,2,4,v
252,2,5,p
252,2,6,H
252,2,7,d
252,2,8,s
252,2,9,s
252,2,10,D
252,2,11,l
252,2,12,l
252,2,13,V
252,2,14,J
252,2,15,g
252,2,16,V
252,2,17,H
252,2,18,V
252,2,19,c
252,2,20,d
252,2,21,D
252,2,22,P
252,2,23,v
253,1,1,R
253,1,2,W
253,1,3,f
253,1,4,Q
253,1,5,B
253,1,6,D
253,1,7,T
253,1,8,B
253,1,9,L
253,1,10,Q
253,1,11,W
253,1,12,p
253,1,13,D
253,1,14,L
253,1,15,N
253,1,16,R
253,2,1,Z
253,2,2,j
253,2,3,Z
253,2,4,w
253,2,5,H
253,2,6,H
253,2,7,d
253,2,8,d
253,2,9,j
253,2,10,H
253,2,11,N
253,2,12,h
253,2,13,Z
253,2,14,d
253,2,15,t
253,2,16,v
254,1,1,S
254,1,2,c
254,1,3,C
254,1,4,C
254,1,5,z
254,1,6,S
254,1,7,s
254,1,8,z
254,1,9,F
254,1,10,z
254,1,11,J
254,1,12,c
254,1,13,c
254,1,14,P
254,2,1,H
254,2,2,H
254,2,3,v
254,2,4,m
254,2,5,j
254,2,6,H
254,2,7,v
254,2,8,j
254,2,9,h
254,2,10,p
254,2,11,m
254,2,12,H
254,2,13,s
254,2,14,j
255,1,1,F
255,1,2,P
255,1,3,c
255,1,4,l
255,1,5,g
255,1,6,F
255,1,7,V
255,1,8,C
255,1,9,b
255,1,10,c
255,1,11,n
255,1,12,g
255,1,13,V
255,1,14,g
255,2,1,n
255,2,2,p
255,2,3,W
255,2,4,Q
255,2,5,q
255,2,6,q
255,2,7,R
255,2,8,f
255,2,9,L
255,2,10,B
255,2,11,D
255,2,12,B
255,2,13,r
255,2,14,R
256,1,1,c
256,1,2,R
256,1,3,L
256,1,4,L
256,1,5,V
256,1,6,w
256,1,7,c
256,1,8,s
256,1,9,c
256,1,10,t
256,1,11,w
256,1,12,m
256,1,13,b
256,1,14,V
256,1,15,c
256,1,16,s
256,1,17,z
256,1,18,z
256,1,19,t
256,1,20,w
256,1,21,t
256,1,22,R
256,1,23,M
256,2,1,v
256,2,2,N
256,2,3,r
256,2,4,C
256,2,5,p
256,2,6,T
256,2,7,g
256,2,8,g
256,2,9,q
256,2,10,F
256,2,11,r
256,2,12,T
256,2,13,v
256,2,14,v
256,2,15,h
256,2,16,C
256,2,17,V
256,2,18,p
256,2,19,g
256,2,20,h
256,2,21,B
256,2,22,q
256,2,23,h
257,1,1,P
257,1,2,d
257,1,3,S
257,1,4,D
257,1,5,G
257,1,6,d
257,1,7,n
257,1,8,Z
257,1,9,Q
257,1,10,f
257,1,11,G
257,1,12,D
257,1,13,f
257,1,14,D
257,1,15,j
257,1,16,W
257,1,17,j
257,1,18,W
257,1,19,W
257,2,1,g
257,2,2,v
257,2,3,C
257,2,4,q
257,2,5,F
257,2,6,h
257,2,7,p
257,2,8,q
257,2,9,v
257,2,10,p
257,2,11,N
257,2,12,Z
257,2,13,g
257,2,14,C
257,2,15,T
257,2,16,T
257,2,17,v
257,2,18,r
257,2,19,p
258,1,1,d
258,1,2,G
258,1,3,n
258,1,4,D
258,1,5,H
258,1,6,W
258,1,7,n
258,1,8,S
258,1,9,Q
258,1,10,d
258,1,11,J
258,1,12,P
258,1,13,D
258,1,14,S
258,1,15,F
258,2,1,L
258,2,2,L
258,2,3,c
258,2,4,J
258,2,5,m
258,2,6,R
258,2,7,z
258,2,8,z
258,2,9,L
258,2,10,L
258,2,11,L
258,2,12,R
258,2,13,R
258,2,14,c
258,2,15,l
259,1,1,l
259,1,2,C
259,1,3,S
259,1,4,q
259,1,5,l
259,1,6,c
259,1,7,C
259,1,8,c
259,1,9,B
259,1,10,q
259,1,11,B
259,1,12,C
259,1,13,C
259,2,1,w
259,2,2,G
259,2,3,w
259,2,4,n
259,2,5,N
259,2,6,W
259,2,7,n
259,2,8,n
259,2,9,F
259,2,10,w
259,2,11,B
259,2,12,H
259,2,13,F
260,1,1,W
260,1,2,M
260,1,3,Z
260,1,4,L
260,1,5,M
260,1,6,P
260,1,7,b
260,1,8,P
260,1,9,h
260,1,10,Q
260,1,11,d
260,1,12,d
260,1,13,R
260,1,14,b
260,1,15,M
260,1,16,p
260,1,17,b
260,1,18,b
260,1,19,L
260,1,20,b
260,1,21,R
260,1,22,L
260,1,23,L
260,2,1,H
260,2,2,D
260,2,3,F
260,2,4,g
260,2,5,j
260,2,6,F
260,2,7,G
260,2,8,D
260,2,9,m
260,2,10,F
260,2,11,N
260,2,12,Z
260,2,13,g
260,2,14,N
260,2,15,n
260,2,16,D
260,2,17,G
260,2,18,N
260,2,19,H
260,2,20,G
260,2,21,G
260,2,22,j
260,2,23,D
261,1,1,d
261,1,2,T
261,1,3,V
261,1,4,P
261,1,5,P
261,1,6,Q
261,1,7,b
261,1,8,P
261,1,9,b
261,1,10,M
261,1,11,d
261,1,12,Q
261,1,13,M
261,2,1,z
261,2,2,v
261,2,3,V
261,2,4,r
261,2,5,W
261,2,6,v
261,2,7,c
261,2,8,z
261,2,9,r
261,2,10,C
261,2,11,J
261,2,12,q
261,2,13,v
262,1,1,v
262,1,2,z
262,1,3,s
262,1,4,c
262,1,5,d
262,1,6,H
262,1,7,c
262,1,8,H
262,1,9,Z
262,1,10,z
262,1,11,H
262,1,12,z
262,1,13,C
262,1,14,C
262,1,15,H
262,1,16,l
262,1,17,Q
262,1,18,T
262,1,19,T
262,1,20,T
262,1,21,C
262,1,22,c
262,1,23,s
262,1,24,l
262,2,1,M
262,2,2,G
262,2,3,P
262,2,4,S
262,2,5,t
262,2,6,m
262,2,7,S
262,2,8,l
262,2,9,p
262,2,10,D
262,2,11,D
262,2,12,S
262,2,13,S
262,2,14,S
262,2,15,g
262,2,16,S
262,2,17,P
262,2,18,D
262,2,19,N
262,2,20,B
262,2,21,m
262,2,22,N
262,2,23,t
262,2,24,l
263,1,1,F
263,1,2,W
263,1,3,V
263,1,4,M
263,1,5,F
263,1,6,h
263,1,7,F
263,1,8,M
263,1,9,M
263,1,10,q
263,1,11,W
263,1,12,h
263,1,13,F
263,1,14,V
263,1,15,F
263,1,16,b
263,2,1,D
263,2,2,B
263,2,3,D
263,2,4,D
263,2,5,h
263,2,6,p
263,2,7,m
263,2,8,p
263,2,9,G
263,2,10,t
263,2,11,P
263,2,12,S
263,2,13,D
263,2,14,p
263,2,15,G
263,2,16,G
264,1,1,f
264,1,2,R
264,1,3,L
264,1,4,b
264,1,5,F
264,1,6,f
264,1,7,w
264,1,8,W
264,1,9,W
264,1,10,L
264,1,11,n
264,1,12,V
264,1,13,j
264,2,1,M
264,2,2,d
264,2,3,z
264,2,4,z
264,2,5,Q
264,2,6,H
264,2,7,Q
264,2,8,J
264,2,9,n
264,2,10,n
264,2,11,v
264,2,12,Q
264,2,13,s
265,1,1,S
265,1,2,m
265,1,3,P
265,1,4,d
265,1,5,R
265,1,6,b
265,1,7,W
265,1,8,Z
265,1,9,d
265,1,10,S
265,1,11,q
265,1,12,q
265,1,13,z
265,1,14,S
265,1,15,P
265,1,16,m
265,1,17,b
265,1,18,d
265,2,1,W
265,2,2,F
265,2,3,F
265,2,4,Q
265,2,5,g
265,2,6,c
265,2,7,Q
265,2,8,n
265,2,9,v
265,2,10,n
265,2,11,c
265,2,12,g
265,2,13,Q
265,2,14,G
265,2,15,Q
265,2,16,M
265,2,17,M
265,2,18,T
266,1,1,B
266,1,2,f
266,1,3,B
266,1,4,L
266,1,5,m
266,1,6,V
266,1,7,N
266,1,8,j
266,1,9,p
266,1,10,r
266,1,11,V
266,1,12,V
266,1,13,N
266,1,14,l
266,1,15,V
266,1,16,B
266,1,17,r
266,1,18,p
266,1,19,B
266,1,20,l
266,1,21,H
266,1,22,p
266,1,23,N
266,1,24,r
266,2,1,g
266,2,2,Q
266,2,3,F
266,2,4,H
266,2,5,G
266,2,6,C
266,2,7,G
266,2,8,g
266,2,9,v
266,2,10,T
266,2,11,Q
266,2,12,T
266,2,13,M
266,2,14,G
266,2,15,F
266,2,16,F
266,2,17,g
266,2,18,M
266,2,19,C
266,2,20,v
266,2,21,g
266,2,22,Q
266,2,23,c
266,2,24,Q
267,1,1,B
267,1,2,j
267,1,3,j
267,1,4,J
267,1,5,f
267,1,6,V
267,1,7,L
267,1,8,B
267,1,9,f
267,1,10,N
267,1,11,f
267,1,12,f
267,2,1,J
267,2,2,b
267,2,3,Z
267,2,4,D
267,2,5,q
267,2,6,t
267,2,7,D
267,2,8,s
267,2,9,d
267,2,10,z
267,2,11,z
267,2,12,m
268,1,1,N
268,1,2,L
268,1,3,g
268,1,4,t
268,1,5,L
268,1,6,s
268,1,7,S
268,1,8,g
268,1,9,g
268,1,10,j
268,1,11,q
268,1,12,g
268,1,13,q
268,1,14,p
268,1,15,L
268,1,16,L
268,1,17,D
268,1,18,j
268,1,19,s
268,1,20,j
268,2,1,m
268,2,2,c
268,2,3,J
268,2,4,f
268,2,5,v
268,2,6,p
268,2,7,m
268,2,8,F
268,2,9,m
268,2,10,m
268,2,11,J
268,2,12,m
268,2,13,v
268,2,14,P
268,2,15,p
268,2,16,w
268,2,17,h
268,2,18,B
268,2,19,J
268,2,20,B
269,1,1,l
269,1,2,M
269,1,3,n
269,1,4,l
269,1,5,Z
269,1,6,M
269,1,7,t
269,1,8,d
269,1,9,C
269,1,10,M
269,1,11,r
269,1,12,R
269,1,13,R
269,1,14,n
269,1,15,R
269,1,16,b
269,1,17,T
269,1,18,d
269,1,19,d
269,1,20,W
269,1,21,b
269,1,22,V
269,2,1,w
269,2,2,c
269,2,3,m
269,2,4,P
269,2,5,f
269,2,6,F
269,2,7,m
269,2,8,h
269,2,9,J
269,2,10,w
269,2,11,P
269,2,12,f
269,2,13,w
269,2,14,J
269,2,15,m
269,2,16,v
269,2,17,f
269,2,18,w
269,2,19,F
269,2,20,v
269,2,21,P
269,2,22,l
270,1,1,M
270,1,2,n
270,1,3,R
270,1,4,r
270,1,5,n
270,1,6,G
270,1,7,W
270,1,8,R
270,1,9,b
270,2,1,g
270,2,2,Q
270,2,3,q
270,2,4,t
270,2,5,N
270,2,6,G
270,2,7,D
270,2,8,j
270,2,9,t
271,1,1,d
271,1,2,S
271,1,3,d
271,1,4,r
271,1,5,T
271,1,6,b
271,1,7,T
271,1,8,t
271,1,9,L
271,2,1,J
271,2,2,C
271,2,3,c
271,2,4,t
271,2,5,t
271,2,6,c
271,2,7,F
271,2,8,V
271,2,9,w
272,1,1,P
272,1,2,h
272,1,3,s
272,1,4,g
272,1,5,Q
272,1,6,Q
272,1,7,G
272,1,8,P
272,1,9,Z
272,1,10,s
272,1,11,h
272,1,12,v
272,1,13,p
272,1,14,Q
272,1,15,Z
272,1,16,G
272,1,17,g
272,1,18,s
272,2,1,r
272,2,2,B
272,2,3,l
272,2,4,l
272,2,5,V
272,2,6,F
272,2,7,l
272,2,8,H
272,2,9,V
272,2,10,p
272,2,11,F
272,2,12,l
272,2,13,l
272,2,14,J
272,2,15,J
272,2,16,r
272,2,17,F
272,2,18,H
273,1,1,g
273,1,2,q
273,1,3,s
273,1,4,G
273,1,5,P
273,1,6,g
273,1,7,M
273,1,8,Z
273,1,9,h
273,1,10,g
273,1,11,v
273,1,12,Q
273,2,1,b
273,2,2,z
273,2,3,r
273,2,4,z
273,2,5,T
273,2,6,f
273,2,7,S
273,2,8,z
273,2,9,M
273,2,10,T
273,2,11,L
273,2,12,f
274,1,1,p
274,1,2,q
274,1,3,b
274,1,4,D
274,1,5,d
274,1,6,Q
274,1,7,W
274,1,8,q
274,1,9,C
274,2,1,g
274,2,2,B
274,2,3,f
274,2,4,b
274,2,5,b
274,2,6,f
274,2,7,F
274,2,8,f
274,2,9,B
275,1,1,v
275,1,2,t
275,1,3,j
275,1,4,n
275,1,5,m
275,1,6,z
275,1,7,L
275,1,8,c
275,1,9,m
275,1,10,h
275,2,1,B
275,2,2,d
275,2,3,z
275,2,4,T
275,2,5,F
275,2,6,g
275,2,7,T
275,2,8,s
275,2,9,R
275,2,10,P
276,1,1,L
276,1,2,Z
276,1,3,G
276,1,4,m
276,1,5,j
276,1,6,v
276,1,7,J
276,1,8,G
276,1,9,G
276,1,10,c
276,1,11,t
276,1,12,n
276,1,13,L
276,1,14,t
276,1,15,v
276,1,16,c
276,1,17,c
276,1,18,h
276,1,19,S
276,1,20,j
276,1,21,m
276,1,22,h
276,1,23,c
276,1,24,L
276,2,1,q
276,2,2,N
276,2,3,H
276,2,4,C
276,2,5,w
276,2,6,V
276,2,7,d
276,2,8,Q
276,2,9,Z
276,2,10,w
276,2,11,D
276,2,12,w
276,2,13,W
276,2,14,D
276,2,15,N
276,2,16,p
276,2,17,C
276,2,18,w
276,2,19,q
276,2,20,H
276,2,21,d
276,2,22,D
276,2,23,w
276,2,24,Q
277,1,1,w
277,1,2,l
277,1,3,M
277,1,4,W
277,1,5,S
277,1,6,S
277,1,7,H
277,1,8,W
277,1,9,S
277,1,10,h
277,1,11,S
277,1,12,M
277,1,13,b
277,1,14,D
277,1,15,S
277,1,16,w
277,1,17,V
277,1,18,h
277,2,1,C
277,2,2,r
277,2,3,N
277,2,4,j
277,2,5,J
277,2,6,m
277,2,7,c
277,2,8,r
277,2,9,D
277,2,10,m
277,2,11,G
277,2,12,R
277,2,13,R
277,2,14,C
277,2,15,G
277,2,16,C
277,2,17,j
277,2,18,N
278,1,1,F
278,1,2,H
278,1,3,Z
278,1,4,d
278,1,5,H
278,1,6,f
278,1,7,t
278,1,8,F
278,1,9,F
278,1,10,Q
278,1,11,n
278,1,12,q
278,1,13,s
278,1,14,Q
278,1,15,q
278,1,16,s
278,1,17,Q
278,1,18,t
278,1,19,t
278,2,1,j
278,2,2,v
278,2,3,G
278,2,4,r
278,2,5,J
278,2,6,c
278,2,7,c
278,2,8,m
278,2,9,d
278,2,10,G
278,2,11,G
278,2,12,c
278,2,13,r
278,2,14,N
278,2,15,d
278,2,16,R
278,2,17,N
278,2,18,m
278,2,19,G
279,1,1,p
279,1,2,H
279,1,3,p
279,1,4,z
279,1,5,P
279,1,6,p
279,1,7,Q
279,1,8,H
279,1,9,p
279,1,10,s
279,1,11,P
279,1,12,z
279,1,13,P
279,2,1,l
279,2,2,z
279,2,3,l
279,2,4,b
279,2,5,S
279,2,6,g
279,2,7,S
279,2,8,S
279,2,9,M
279,2,10,L
279,2,11,w
279,2,12,z
279,2,13,h
280,1,1,f
280,1,2,C
280,1,3,Q
280,1,4,D
280,1,5,L
280,1,6,l
280,1,7,D
280,1,8,Q
280,2,1,T
280,2,2,S
280,2,3,j
280,2,4,b
280,2,5,H
280,2,6,D
280,2,7,q
280,2,8,H
281,1,1,Z
281,1,2,h
281,1,3,r
281,1,4,s
281,1,5,r
281,1,6,Z
281,1,7,Z
281,1,8,Z
281,1,9,h
281,1,10,c
281,1,11,c
281,2,1,l
281,2,2,w
281,2,3,N
281,2,4,s
281,2,5,w
281,2,6,G
281,2,7,G
281,2,8,w
281,2,9,b
281,2,10,w
281,2,11,F
282,1,1,r
282,1,2,c
282,1,3,W
282,1,4,h
282,1,5,l
282,1,6,h
282,1,7,l
282,1,8,p
282,1,9,M
282,1,10,J
282,1,11,p
282,1,12,M
282,1,13,Z
282,1,14,m
282,2,1,g
282,2,2,t
282,2,3,B
282,2,4,C
282,2,5,z
282,2,6,C
282,2,7,t
282,2,8,t
282,2,9,C
282,2,10,C
282,2,11,R
282,2,12,f
282,2,13,d
282,2,14,p
283,1,1,z
283,1,2,L
283,1,3,n
283,1,4,C
283,1,5,M
283,1,6,L
283,1,7,N
283,1,8,T
283,1,9,v
283,1,10,t
283,1,11,G
283,1,12,N
283,1,13,p
283,1,14,N
283,1,15,v
283,1,16,N
283,2,1,j
283,2,2,h
283,2,3,R
283,2,4,H
283,2,5,g
283,2,6,Z
283,2,7,h
283,2,8,H
283,2,9,v
283,2,10,Z
283,2,11,d
283,2,12,Z
283,2,13,H
283,2,14,d
283,2,15,j
283,2,16,D
284,1,1,f
284,1,2,S
284,1,3,s
284,1,4,W
284,1,5,W
284,1,6,q
284,1,7,S
284,1,8,c
284,1,9,T
284,1,10,f
284,1,11,J
284,1,12,J
284,1,13,q
284,1,14,f
284,1,15,J
284,1,16,F
284,1,17,F
284,1,18,J
284,1,19,w
284,1,20,s
284,2,1,w
284,2,2,h
284,2,3,d
284,2,4,H
284,2,5,h
284,2,6,h
284,2,7,h
284,2,8,d
284,2,9,h
284,2,10,D
284,2,11,d
284,2,12,j
284,2,13,b
284,2,14,j
284,2,15,Z
284,2,16,b
284,2,17,h
284,2,18,h
284,2,19,D
284,2,20,j
285,1,1,W
285,1,2,s
285,1,3,W
285,1,4,m
285,1,5,f
285,1,6,c
285,1,7,q
285,1,8,B
285,1,9,W
285,1,10,f
285,1,11,T
285,1,12,f
285,1,13,s
285,2,1,r
285,2,2,n
285,2,3,t
285,2,4,r
285,2,5,L
285,2,6,m
285,2,7,p
285,2,8,l
285,2,9,C
285,2,10,L
285,2,11,t
285,2,12,t
285,2,13,m
286,1,1,l
286,1,2,j
286,1,3,s
286,1,4,s
286,1,5,b
286,1,6,q
286,1,7,M
286,1,8,M
286,1,9,P
286,1,10,b
286,1,11,H
286,1,12,P
286,1,13,l
286,1,14,s
286,1,15,b
286,1,16,c
286,2,1,W
286,2,2,Z
286,2,3,N
286,2,4,L
286,2,5,L
286,2,6,s
286,2,7,W
286,2,8,J
286,2,9,W
286,2,10,R
286,2,11,F
286,2,12,v
286,2,13,v
286,2,14,Z
286,2,15,f
286,2,16,W
287,1,1,S
287,1,2,z
287,1,3,g
287,1,4,g
287,1,5,g
287,1,6,D
287,1,7,D
287,1,8,w
287,1,9,T
287,1,10,z
287,1,11,r
287,1,12,Q
287,1,13,m
287,1,14,D
287,1,15,Q
287,1,16,g
287,2,1,d
287,2,2,S
287,2,3,S
287,2,4,W
287,2,5,v
287,2,6,d
287,2,7,J
287,2,8,L
287,2,9,F
287,2,10,G
287,2,11,f
287,2,12,f
287,2,13,R
287,2,14,v
287,2,15,Z
287,2,16,G
288,1,1,z
288,1,2,C
288,1,3,z
288,1,4,C
288,1,5,D
288,1,6,C
288,1,7,r
288,1,8,z
288,1,9,n
288,1,10,n
288,1,11,T
288,1,12,T
288,1,13,m
288,2,1,C
288,2,2,b
288,2,3,b
288,2,4,p
288,2,5,v
288,2,6,l
288,2,7,P
288,2,8,H
288,2,9,t
288,2,10,C
288,2,11,P
288,2,12,t
288,2,13,b
289,1,1,T
289,1,2,Z
289,1,3,S
289,1,4,w
289,1,5,N
289,1,6,P
289,1,7,p
289,1,8,c
289,1,9,g
289,1,10,p
289,1,11,N
289,1,12,P
289,2,1,b
289,2,2,w
289,2,3,b
289,2,4,h
289,2,5,h
289,2,6,b
289,2,7,w
289,2,8,r
289,2,9,w
289,2,10,J
289,2,11,q
289,2,12,h
290,1,1,B
290,1,2,l
290,1,3,C
290,1,4,D
290,1,5,t
290,1,6,v
290,1,7,v
290,1,8,g
290,1,9,L
290,1,10,W
290,1,11,G
290,1,12,C
290,1,13,L
290,1,14,f
290,1,15,f
290,1,16,G
290,1,17,f
290,1,18,L
290,1,19,z
290,1,20,L
290,2,1,r
290,2,2,M
290,2,3,q
290,2,4,n
290,2,5,n
290,2,6,b
290,2,7,D
290,2,8,D
290,2,9,H
290,2,10,b
290,2,11,m
290,2,12,n
290,2,13,n
290,2,14,n
290,2,15,J
290,2,16,r
290,2,17,h
290,2,18,n
290,2,19,V
290,2,20,J
291,1,1,l
291,1,2,z
291,1,3,B
291,1,4,j
291,1,5,d
291,1,6,C
291,1,7,j
291,1,8,C
291,1,9,G
291,1,10,C
291,1,11,j
291,1,12,f
291,1,13,G
291,1,14,j
291,1,15,j
291,1,16,L
291,1,17,G
291,1,18,B
291,1,19,G
291,1,20,G
291,1,21,j
291,1,22,l
291,1,23,C
291,2,1,S
291,2,2,s
291,2,3,R
291,2,4,p
291,2,5,p
291,2,6,c
291,2,7,d
291,2,8,p
291,2,9,R
291,2,10,N
291,2,11,d
291,2,12,R
291,2,13,S
291,2,14,P
291,2,15,Q
291,2,16,c
291,2,17,R
291,2,18,P
291,2,19,Q
291,2,20,Z
291,2,21,T
291,2,22,g
291,2,23,T
292,1,1,T
292,1,2,s
292,1,3,F
292,1,4,T
292,1,5,r
292,1,6,v
292,1,7,G
292,1,8,m
292,1,9,Z
292,1,10,G
292,1,11,f
292,1,12,v
292,1,13,Z
292,1,14,f
292,1,15,Z
292,1,16,F
292,1,17,z
292,1,18,N
292,1,19,N
292,1,20,Z
292,1,21,r
292,2,1,h
292,2,2,C
292,2,3,l
292,2,4,m
292,2,5,R
292,2,6,c
292,2,7,B
292,2,8,g
292,2,9,C
292,2,10,M
292,2,11,w
292,2,12,Q
292,2,13,w
292,2,14,Q
292,2,15,P
292,2,16,C
292,2,17,P
292,2,18,M
292,2,19,P
292,2,20,R
292,2,21,P
293,1,1,b
293,1,2,p
293,1,3,n
293,1,4,n
293,1,5,V
293,1,6,V
293,1,7,J
293,1,8,t
293,1,9,S
293,1,10,D
293,2,1,g
293,2,2,R
293,2,3,B
293,2,4,w
293,2,5,b
293,2,6,Q
293,2,7,R
293,2,8,w
293,2,9,l
293,2,10,R
294,1,1,j
294,1,2,p
294,1,3,S
294,1,4,n
294,1,5,q
294,1,6,L
294,1,7,p
294,1,8,q
294,1,9,D
294,1,10,J
294,1,11,D
294,1,12,J
294,1,13,L
294,1,14,D
294,1,15,j
294,1,16,W
294,1,17,D
294,1,18,W
294,1,19,L
294,1,20,W
294,2,1,v
294,2,2,v
294,2,3,z
294,2,4,f
294,2,5,Z
294,2,6,Z
294,2,7,v
294,2,8,q
294,2,9,v
294,2,10,N
294,2,11,s
294,2,12,G
294,2,13,T
294,2,14,H
294,2,15,G
294,2,16,G
294,2,17,F
294,2,18,f
294,2,19,Z
294,2,20,l
295,1,1,b
295,1,2,z
295,1,3,b
295,1,4,z
295,1,5,z
295,1,6,n
295,1,7,q
295,1,8,f
295,1,9,C
295,1,10,p
295,1,11,z
295,1,12,v
295,1,13,h
295,1,14,C
295,1,15,S
295,1,16,M
295,1,17,f
295,1,18,b
295,1,19,C
295,1,20,b
295,1,21,p
295,1,22,C
295,2,1,F
295,2,2,h
295,2,3,t
295,2,4,H
295,2,5,G
295,2,6,H
295,2,7,H
295,2,8,J
295,2,9,d
295,2,10,t
295,2,11,H
295,2,12,J
295,2,13,G
295,2,14,h
295,2,15,F
295,2,16,s
295,2,17,m
295,2,18,s
295,2,19,h
295,2,20,J
295,2,21,J
295,2,22,G
296,1,1,D
296,1,2,L
296,1,3,W
296,1,4,R
296,1,5,L
296,1,6,j
296,1,7,R
296,1,8,r
296,1,9,m
296,1,10,N
296,1,11,P
296,1,12,Q
296,1,13,j
296,1,14,Z
296,1,15,Z
296,1,16,l
296,1,17,Q
296,1,18,P
296,2,1,s
296,2,2,F
296,2,3,G
296,2,4,F
296,2,5,g
296,2,6,g
296,2,7,V
296,2,8,c
296,2,9,W
296,2,10,c
296,2,11,F
296,2,12,d
296,2,13,d
296,2,14,g
296,2,15,g
296,2,16,d
296,2,17,s
296,2,18,g
297,1,1,r
297,1,2,j
297,1,3,r
297,1,4,Z
297,1,5,P
297,1,6,w
297,1,7,w
297,1,8,D
297,1,9,R
297,1,10,l
297,1,11,L
297,1,12,L
297,1,13,B
297,1,14,j
297,1,15,Q
297,1,16,l
297,1,17,R
297,1,18,R
297,1,19,l
297,1,20,P
297,1,21,D
297,2,1,p
297,2,2,m
297,2,3,b
297,2,4,q
297,2,5,z
297,2,6,p
297,2,7,q
297,2,8,n
297,2,9,n
297,2,10,C
297,2,11,S
297,2,12,C
297,2,13,f
297,2,14,T
297,2,15,M
297,2,16,w
297,2,17,M
297,2,18,q
297,2,19,S
297,2,20,v
297,2,21,C
298,1,1,F
298,1,2,m
298,1,3,c
298,1,4,G
298,1,5,c
298,1,6,j
298,1,7,L
298,1,8,R
298,1,9,P
298,1,10,j
298,2,1,Q
298,2,2,w
298,2,3,Q
298,2,4,j
298,2,5,M
298,2,6,Q
298,2,7,r
298,2,8,w
298,2,9,H
298,2,10,Q
299,1,1,b
299,1,2,t
299,1,3,J
299,1,4,z
299,1,5,J
299,1,6,b
299,1,7,V
299,1,8,N
299,1,9,d
299,1,10,B
299,1,11,J
299,1,12,J
299,1,13,t
299,1,14,z
299,1,15,T
299,1,16,d
299,1,17,G
299,1,18,B
299,1,19,b
299,1,20,d
299,1,21,B
299,1,22,z
299,1,23,t
299,1,24,G
299,2,1,r
299,2,2,Q
299,2,3,h
299,2,4,h
299,2,5,Q
299,2,6,W
299,2,7,h
299,2,8,M
299,2,9,w
299,2,10,H
299,2,11,r
299,2,12,h
299,2,13,r
299,2,14,H
299,2,15,S
299,2,16,H
299,2,17,g
299,2,18,H
299,2,19,Q
299,2,20,f
299,2,21,h
299,2,22,M
299,2,23,V
299,2,24,S
300,1,1,J
300,1,2,J
300,1,3,D
300,1,4,p
300,1,5,d
300,1,6,D
300,1,7,T
300,1,8,t
300,1,9,C
300,1,10,t
300,1,11,z
300,1,12,N
300,1,13,p
300,1,14,t
300,1,15,n
300,1,16,T
300,1,17,J
300,1,18,B
300,1,19,z
300,1,20,n
300,1,21,n
300,2,1,v
300,2,2,L
300,2,3,C
300,2,4,C
300,2,5,v
300,2,6,c
300,2,7,F
300,2,8,q
300,2,9,s
300,2,10,R
300,2,11,q
300,2,12,F
300,2,13,c
300,2,14,v
300,2,15,Z
300,2,16,c
300,2,17,l
300,2,18,L
300,2,19,G
300,2,20,R
300,2,21,R
