1,1,8
1,2,8
1,3,7
1,4,8
1,5,8
2,1,9
2,2,9
2,3,9
2,4,2
2,5,9
3,1,J
3,2,8
3,3,7
3,4,8
3,5,7
4,1,8
4,2,7
4,3,8
4,4,T
4,5,7
5,1,2
5,2,J
5,3,9
5,4,5
5,5,7
6,1,A
6,2,Q
6,3,A
6,4,A
6,5,2
7,1,T
7,2,6
7,3,Q
7,4,Q
7,5,5
8,1,8
8,2,4
8,3,T
8,4,J
8,5,9
9,1,A
9,2,T
9,3,9
9,4,3
9,5,8
10,1,A
10,2,4
10,3,A
10,4,K
10,5,7
11,1,3
11,2,J
11,3,3
11,4,8
11,5,3
12,1,T
12,2,6
12,3,6
12,4,T
12,5,T
13,1,4
13,2,9
13,3,J
13,4,9
13,5,4
14,1,4
14,2,A
14,3,A
14,4,4
14,5,A
15,1,A
15,2,A
15,3,2
15,4,K
15,5,6
16,1,7
16,2,7
16,3,7
16,4,5
16,5,8
17,1,A
17,2,6
17,3,J
17,4,2
17,5,7
18,1,8
18,2,8
18,3,T
18,4,T
18,5,T
19,1,J
19,2,K
19,3,Q
19,4,2
19,5,6
20,1,8
20,2,7
20,3,9
20,4,3
20,5,J
21,1,8
21,2,A
21,3,5
21,4,3
21,5,A
22,1,J
22,2,6
22,3,7
22,4,9
22,5,2
23,1,4
23,2,7
23,3,Q
23,4,T
23,5,6
24,1,6
24,2,5
24,3,J
24,4,Q
24,5,5
25,1,Q
25,2,2
25,3,K
25,4,5
25,5,T
26,1,5
26,2,3
26,3,3
26,4,5
26,5,3
27,1,A
27,2,A
27,3,7
27,4,9
27,5,2
28,1,5
28,2,2
28,3,5
28,4,5
28,5,2
29,1,K
29,2,6
29,3,K
29,4,K
29,5,K
30,1,Q
30,2,7
30,3,4
30,4,Q
30,5,4
31,1,K
31,2,K
31,3,K
31,4,6
31,5,5
32,1,K
32,2,6
32,3,T
32,4,T
32,5,T
33,1,Q
33,2,T
33,3,T
33,4,Q
33,5,T
34,1,T
34,2,6
34,3,9
34,4,7
34,5,4
35,1,K
35,2,A
35,3,3
35,4,9
35,5,6
36,1,2
36,2,2
36,3,A
36,4,2
36,5,2
37,1,7
37,2,3
37,3,6
37,4,2
37,5,9
38,1,3
38,2,K
38,3,3
38,4,3
38,5,J
39,1,7
39,2,6
39,3,7
39,4,Q
39,5,6
40,1,A
40,2,8
40,3,8
40,4,J
40,5,8
41,1,2
41,2,8
41,3,7
41,4,8
41,5,9
42,1,6
42,2,J
42,3,T
42,4,8
42,5,3
43,1,7
43,2,2
43,3,6
43,4,2
43,5,9
44,1,A
44,2,7
44,3,J
44,4,2
44,5,K
45,1,K
45,2,4
45,3,8
45,4,7
45,5,9
46,1,Q
46,2,K
46,3,7
46,4,6
46,5,J
47,1,T
47,2,J
47,3,9
47,4,2
47,5,3
48,1,J
48,2,6
48,3,6
48,4,6
48,5,4
49,1,4
49,2,Q
49,3,T
49,4,Q
49,5,Q
50,1,9
50,2,K
50,3,4
50,4,7
50,5,6
51,1,J
51,2,7
51,3,A
51,4,7
51,5,7
52,1,8
52,2,K
52,3,K
52,4,8
52,5,7
53,1,Q
53,2,6
53,3,5
53,4,7
53,5,6
54,1,6
54,2,T
54,3,6
54,4,T
54,5,2
55,1,Q
55,2,3
55,3,9
55,4,A
55,5,9
56,1,J
56,2,5
56,3,5
56,4,A
56,5,2
57,1,7
57,2,5
57,3,4
57,4,4
57,5,4
58,1,8
58,2,J
58,3,6
58,4,K
58,5,J
59,1,J
59,2,2
59,3,4
59,4,4
59,5,K
60,1,4
60,2,6
60,3,7
60,4,J
60,5,5
61,1,6
61,2,K
61,3,J
61,4,3
61,5,7
62,1,Q
62,2,2
62,3,7
62,4,T
62,5,3
63,1,3
63,2,Q
63,3,A
63,4,J
63,5,K
64,1,A
64,2,A
64,3,9
64,4,9
64,5,A
65,1,4
65,2,5
65,3,6
65,4,6
65,5,4
66,1,6
66,2,8
66,3,4
66,4,5
66,5,6
67,1,5
67,2,6
67,3,J
67,4,3
67,5,4
68,1,9
68,2,T
68,3,2
68,4,2
68,5,Q
69,1,6
69,2,7
69,3,9
69,4,K
69,5,K
70,1,7
70,2,8
70,3,Q
70,4,2
70,5,J
71,1,3
71,2,Q
71,3,4
71,4,4
71,5,9
72,1,8
72,2,T
72,3,T
72,4,8
72,5,2
73,1,4
73,2,J
73,3,5
73,4,9
73,5,6
74,1,A
74,2,Q
74,3,8
74,4,5
74,5,3
75,1,4
75,2,4
75,3,5
75,4,K
75,5,K
76,1,3
76,2,K
76,3,T
76,4,8
76,5,5
77,1,6
77,2,Q
77,3,2
77,4,A
77,5,7
78,1,A
78,2,J
78,3,A
78,4,4
78,5,4
79,1,T
79,2,J
79,3,9
79,4,2
79,5,5
80,1,6
80,2,2
80,3,6
80,4,J
80,5,T
81,1,8
81,2,9
81,3,2
81,4,7
81,5,3
82,1,J
82,2,9
82,3,9
82,4,A
82,5,3
83,1,7
83,2,Q
83,3,9
83,4,4
83,5,5
84,1,T
84,2,5
84,3,J
84,4,K
84,5,4
85,1,T
85,2,J
85,3,4
85,4,J
85,5,6
86,1,T
86,2,6
86,3,3
86,4,J
86,5,Q
87,1,8
87,2,2
87,3,7
87,4,K
87,5,A
88,1,T
88,2,6
88,3,8
88,4,6
88,5,K
89,1,5
89,2,5
89,3,Q
89,4,T
89,5,3
90,1,K
90,2,4
90,3,8
90,4,A
90,5,A
91,1,2
91,2,T
91,3,7
91,4,7
91,5,7
92,1,T
92,2,K
92,3,T
92,4,T
92,5,K
93,1,T
93,2,6
93,3,8
93,4,T
93,5,8
94,1,5
94,2,5
94,3,2
94,4,5
94,5,5
95,1,3
95,2,6
95,3,4
95,4,2
95,5,A
96,1,A
96,2,J
96,3,J
96,4,Q
96,5,T
97,1,9
97,2,8
97,3,A
97,4,A
97,5,9
98,1,Q
98,2,3
98,3,2
98,4,Q
98,5,2
99,1,4
99,2,4
99,3,T
99,4,4
99,5,T
100,1,8
100,2,J
100,3,4
100,4,4
100,5,8
101,1,3
101,2,3
101,3,3
101,4,3
101,5,Q
102,1,2
102,2,5
102,3,2
102,4,2
102,5,5
103,1,K
103,2,4
103,3,8
103,4,4
103,5,K
104,1,Q
104,2,8
104,3,8
104,4,T
104,5,2
105,1,8
105,2,Q
105,3,A
105,4,9
105,5,Q
106,1,2
106,2,2
106,3,8
106,4,6
106,5,4
107,1,4
107,2,Q
107,3,5
107,4,Q
107,5,T
108,1,7
108,2,T
108,3,3
108,4,Q
108,5,T
109,1,3
109,2,T
109,3,A
109,4,8
109,5,7
110,1,8
110,2,8
110,3,6
110,4,8
110,5,6
111,1,T
111,2,K
111,3,2
111,4,K
111,5,K
112,1,T
112,2,T
112,3,T
112,4,8
112,5,2
113,1,7
113,2,7
113,3,Q
113,4,7
113,5,7
114,1,J
114,2,Q
114,3,3
114,4,T
114,5,5
115,1,8
115,2,5
115,3,8
115,4,Q
115,5,4
116,1,J
116,2,9
116,3,K
116,4,5
116,5,4
117,1,7
117,2,J
117,3,A
117,4,T
117,5,4
118,1,2
118,2,2
118,3,4
118,4,5
118,5,2
119,1,3
119,2,J
119,3,7
119,4,2
119,5,5
120,1,6
120,2,9
120,3,4
120,4,K
120,5,6
121,1,8
121,2,Q
121,3,8
121,4,8
121,5,Q
122,1,T
122,2,A
122,3,T
122,4,A
122,5,A
123,1,6
123,2,J
123,3,8
123,4,T
123,5,Q
124,1,J
124,2,5
124,3,4
124,4,A
124,5,8
125,1,7
125,2,3
125,3,J
125,4,8
125,5,5
126,1,9
126,2,9
126,3,8
126,4,4
126,5,T
127,1,4
127,2,4
127,3,4
127,4,J
127,5,4
128,1,9
128,2,9
128,3,T
128,4,9
128,5,7
129,1,3
129,2,5
129,3,3
129,4,3
129,5,3
130,1,2
130,2,A
130,3,3
130,4,Q
130,5,5
131,1,K
131,2,K
131,3,7
131,4,7
131,5,K
132,1,J
132,2,J
132,3,8
132,4,9
132,5,5
133,1,3
133,2,7
133,3,8
133,4,3
133,5,9
134,1,5
134,2,9
134,3,6
134,4,T
134,5,K
135,1,7
135,2,7
135,3,T
135,4,7
135,5,7
136,1,4
136,2,4
136,3,7
136,4,7
136,5,4
137,1,7
137,2,K
137,3,5
137,4,5
137,5,7
138,1,3
138,2,3
138,3,J
138,4,T
138,5,T
139,1,4
139,2,5
139,3,J
139,4,T
139,5,2
140,1,9
140,2,A
140,3,K
140,4,K
140,5,2
141,1,9
141,2,6
141,3,7
141,4,5
141,5,K
142,1,7
142,2,7
142,3,T
142,4,J
142,5,7
143,1,5
143,2,5
143,3,Q
143,4,5
143,5,5
144,1,Q
144,2,6
144,3,6
144,4,6
144,5,6
145,1,9
145,2,A
145,3,T
145,4,7
145,5,T
146,1,K
146,2,T
146,3,8
146,4,2
146,5,9
147,1,A
147,2,J
147,3,4
147,4,7
147,5,7
148,1,3
148,2,J
148,3,Q
148,4,3
148,5,3
149,1,6
149,2,6
149,3,7
149,4,Q
149,5,6
150,1,4
150,2,7
150,3,J
150,4,4
150,5,4
151,1,J
151,2,4
151,3,A
151,4,9
151,5,5
152,1,T
152,2,9
152,3,Q
152,4,K
152,5,3
153,1,7
153,2,A
153,3,7
153,4,6
153,5,A
154,1,7
154,2,4
154,3,9
154,4,Q
154,5,9
155,1,7
155,2,7
155,3,Q
155,4,J
155,5,A
156,1,K
156,2,5
156,3,3
156,4,4
156,5,A
157,1,Q
157,2,8
157,3,8
157,4,T
157,5,8
158,1,T
158,2,3
158,3,A
158,4,9
158,5,K
159,1,A
159,2,7
159,3,A
159,4,A
159,5,6
160,1,6
160,2,J
160,3,A
160,4,T
160,5,7
161,1,6
161,2,K
161,3,8
161,4,8
161,5,Q
162,1,4
162,2,4
162,3,4
162,4,J
162,5,T
163,1,5
163,2,Q
163,3,J
163,4,J
163,5,5
164,1,6
164,2,T
164,3,T
164,4,6
164,5,6
165,1,6
165,2,6
165,3,5
165,4,6
165,5,A
166,1,6
166,2,5
166,3,6
166,4,4
166,5,6
167,1,Q
167,2,6
167,3,6
167,4,6
167,5,Q
168,1,K
168,2,Q
168,3,2
168,4,A
168,5,2
169,1,A
169,2,7
169,3,7
169,4,7
169,5,A
170,1,T
170,2,T
170,3,7
170,4,7
170,5,7
171,1,T
171,2,2
171,3,T
171,4,5
171,5,T
172,1,9
172,2,A
172,3,7
172,4,9
172,5,9
173,1,A
173,2,J
173,3,J
173,4,K
173,5,A
174,1,5
174,2,3
174,3,6
174,4,2
174,5,6
175,1,J
175,2,4
175,3,4
175,4,J
175,5,4
176,1,J
176,2,5
176,3,8
176,4,Q
176,5,T
177,1,2
177,2,K
177,3,2
177,4,2
177,5,K
178,1,K
178,2,5
178,3,K
178,4,K
178,5,J
179,1,K
179,2,6
179,3,3
179,4,8
179,5,4
180,1,4
180,2,8
180,3,4
180,4,Q
180,5,7
181,1,Q
181,2,9
181,3,Q
181,4,T
181,5,Q
182,1,8
182,2,K
182,3,J
182,4,6
182,5,9
183,1,3
183,2,2
183,3,3
183,4,A
183,5,4
184,1,7
184,2,7
184,3,K
184,4,7
184,5,K
185,1,Q
185,2,4
185,3,9
185,4,8
185,5,7
186,1,4
186,2,J
186,3,8
186,4,7
186,5,T
187,1,J
187,2,7
187,3,5
187,4,5
187,5,7
188,1,K
188,2,K
188,3,K
188,4,4
188,5,J
189,1,A
189,2,5
189,3,9
189,4,K
189,5,J
190,1,J
190,2,Q
190,3,Q
190,4,6
190,5,5
191,1,T
191,2,T
191,3,5
191,4,Q
191,5,T
192,1,J
192,2,7
192,3,9
192,4,9
192,5,Q
193,1,2
193,2,8
193,3,8
193,4,3
193,5,3
194,1,4
194,2,5
194,3,J
194,4,4
194,5,A
195,1,3
195,2,T
195,3,T
195,4,T
195,5,3
196,1,7
196,2,5
196,3,5
196,4,5
196,5,7
197,1,6
197,2,5
197,3,6
197,4,5
197,5,A
198,1,2
198,2,J
198,3,4
198,4,4
198,5,2
199,1,2
199,2,J
199,3,2
199,4,J
199,5,2
200,1,3
200,2,A
200,3,Q
200,4,A
200,5,A
201,1,5
201,2,Q
201,3,2
201,4,8
201,5,2
202,1,8
202,2,2
202,3,2
202,4,J
202,5,2
203,1,4
203,2,T
203,3,9
203,4,T
203,5,9
204,1,3
204,2,7
204,3,7
204,4,Q
204,5,7
205,1,5
205,2,T
205,3,J
205,4,4
205,5,Q
206,1,7
206,2,K
206,3,4
206,4,K
206,5,A
207,1,6
207,2,T
207,3,5
207,4,T
207,5,T
208,1,7
208,2,Q
208,3,J
208,4,6
208,5,Q
209,1,T
209,2,Q
209,3,3
209,4,8
209,5,K
210,1,8
210,2,3
210,3,A
210,4,3
210,5,3
211,1,Q
211,2,7
211,3,J
211,4,7
211,5,2
212,1,8
212,2,A
212,3,8
212,4,A
212,5,A
213,1,3
213,2,2
213,3,8
213,4,K
213,5,J
214,1,9
214,2,K
214,3,3
214,4,A
214,5,4
215,1,8
215,2,3
215,3,4
215,4,A
215,5,8
216,1,Q
216,2,Q
216,3,K
216,4,5
216,5,Q
217,1,2
217,2,9
217,3,9
217,4,2
217,5,9
218,1,8
218,2,Q
218,3,J
218,4,A
218,5,Q
219,1,9
219,2,2
219,3,Q
219,4,K
219,5,6
220,1,Q
220,2,8
220,3,8
220,4,Q
220,5,9
221,1,2
221,2,2
221,3,4
221,4,2
221,5,2
222,1,K
222,2,K
222,3,9
222,4,6
222,5,K
223,1,T
223,2,4
223,3,7
223,4,Q
223,5,Q
224,1,9
224,2,K
224,3,6
224,4,2
224,5,2
225,1,4
225,2,K
225,3,J
225,4,6
225,5,Q
226,1,4
226,2,9
226,3,4
226,4,9
226,5,4
227,1,T
227,2,3
227,3,3
227,4,3
227,5,T
228,1,5
228,2,7
228,3,6
228,4,7
228,5,5
229,1,9
229,2,A
229,3,8
229,4,8
229,5,T
230,1,A
230,2,4
230,3,T
230,4,8
230,5,5
231,1,6
231,2,6
231,3,6
231,4,7
231,5,7
232,1,7
232,2,6
232,3,3
232,4,Q
232,5,7
233,1,K
233,2,K
233,3,K
233,4,J
233,5,7
234,1,5
234,2,K
234,3,5
234,4,K
234,5,K
235,1,6
235,2,6
235,3,2
235,4,2
235,5,2
236,1,T
236,2,A
236,3,K
236,4,T
236,5,K
237,1,3
237,2,6
237,3,6
237,4,3
237,5,6
238,1,8
238,2,9
238,3,9
238,4,9
238,5,8
239,1,K
239,2,J
239,3,K
239,4,J
239,5,5
240,1,Q
240,2,T
240,3,2
240,4,Q
240,5,Q
241,1,T
241,2,6
241,3,6
241,4,6
241,5,6
242,1,Q
242,2,3
242,3,K
242,4,J
242,5,T
243,1,K
243,2,3
243,3,K
243,4,3
243,5,8
244,1,2
244,2,K
244,3,2
244,4,A
244,5,2
245,1,4
245,2,A
245,3,5
245,4,8
245,5,4
246,1,J
246,2,J
246,3,4
246,4,J
246,5,7
247,1,7
247,2,3
247,3,9
247,4,5
247,5,J
248,1,J
248,2,8
248,3,9
248,4,T
248,5,5
249,1,K
249,2,8
249,3,9
249,4,K
249,5,6
250,1,9
250,2,6
250,3,6
250,4,9
250,5,6
251,1,T
251,2,9
251,3,4
251,4,5
251,5,5
252,1,2
252,2,5
252,3,2
252,4,5
252,5,7
253,1,6
253,2,Q
253,3,9
253,4,J
253,5,6
254,1,Q
254,2,A
254,3,2
254,4,3
254,5,9
255,1,6
255,2,3
255,3,7
255,4,3
255,5,6
256,1,8
256,2,3
256,3,4
256,4,6
256,5,7
257,1,5
257,2,6
257,3,2
257,4,A
257,5,8
258,1,4
258,2,2
258,3,2
258,4,8
258,5,4
259,1,J
259,2,9
259,3,3
259,4,3
259,5,3
260,1,K
260,2,4
260,3,4
260,4,2
260,5,K
261,1,K
261,2,J
261,3,6
261,4,Q
261,5,5
262,1,Q
262,2,2
262,3,7
262,4,7
262,5,K
263,1,5
263,2,5
263,3,5
263,4,2
263,5,8
264,1,8
264,2,J
264,3,8
264,4,8
264,5,8
265,1,4
265,2,Q
265,3,3
265,4,4
265,5,Q
266,1,5
266,2,8
266,3,J
266,4,3
266,5,J
267,1,6
267,2,8
267,3,6
267,4,A
267,5,6
268,1,5
268,2,J
268,3,J
268,4,2
268,5,5
269,1,4
269,2,7
269,3,Q
269,4,A
269,5,4
270,1,6
270,2,4
270,3,J
270,4,4
270,5,K
271,1,K
271,2,A
271,3,5
271,4,Q
271,5,K
272,1,9
272,2,Q
272,3,Q
272,4,T
272,5,9
273,1,7
273,2,7
273,3,5
273,4,7
273,5,7
274,1,K
274,2,J
274,3,6
274,4,A
274,5,2
275,1,J
275,2,5
275,3,A
275,4,A
275,5,5
276,1,K
276,2,9
276,3,T
276,4,6
276,5,Q
277,1,3
277,2,3
277,3,7
277,4,3
277,5,7
278,1,9
278,2,5
278,3,9
278,4,5
278,5,5
279,1,2
279,2,2
279,3,2
279,4,3
279,5,3
280,1,2
280,2,Q
280,3,4
280,4,3
280,5,5
281,1,7
281,2,A
281,3,7
281,4,5
281,5,7
282,1,Q
282,2,J
282,3,3
282,4,7
282,5,5
283,1,6
283,2,4
283,3,T
283,4,K
283,5,K
284,1,7
284,2,J
284,3,4
284,4,8
284,5,6
285,1,5
285,2,Q
285,3,5
285,4,Q
285,5,Q
286,1,K
286,2,5
286,3,6
286,4,5
286,5,5
287,1,J
287,2,5
287,3,6
287,4,J
287,5,5
288,1,2
288,2,2
288,3,9
288,4,J
288,5,7
289,1,6
289,2,9
289,3,4
289,4,3
289,5,6
290,1,3
290,2,8
290,3,8
290,4,3
290,5,9
291,1,T
291,2,6
291,3,6
291,4,J
291,5,6
292,1,Q
292,2,2
292,3,9
292,4,9
292,5,9
293,1,6
293,2,J
293,3,4
293,4,7
293,5,4
294,1,3
294,2,3
294,3,4
294,4,4
294,5,4
295,1,3
295,2,5
295,3,A
295,4,5
295,5,4
296,1,7
296,2,2
296,3,T
296,4,T
296,5,6
297,1,7
297,2,A
297,3,7
297,4,J
297,5,K
298,1,2
298,2,6
298,3,3
298,4,5
298,5,T
299,1,T
299,2,Q
299,3,8
299,4,5
299,5,5
300,1,6
300,2,K
300,3,6
300,4,3
300,5,3
301,1,7
301,2,K
301,3,4
301,4,5
301,5,8
302,1,2
302,2,9
302,3,9
302,4,J
302,5,2
303,1,2
303,2,2
303,3,3
303,4,2
303,5,2
304,1,9
304,2,9
304,3,6
304,4,T
304,5,2
305,1,5
305,2,T
305,3,K
305,4,7
305,5,J
306,1,K
306,2,T
306,3,T
306,4,T
306,5,T
307,1,4
307,2,8
307,3,8
307,4,J
307,5,8
308,1,6
308,2,8
308,3,4
308,4,7
308,5,5
309,1,9
309,2,K
309,3,K
309,4,9
309,5,9
310,1,4
310,2,4
310,3,4
310,4,7
310,5,T
311,1,T
311,2,9
311,3,A
311,4,A
311,5,A
312,1,4
312,2,A
312,3,9
312,4,7
312,5,7
313,1,5
313,2,9
313,3,3
313,4,5
313,5,9
314,1,5
314,2,9
314,3,Q
314,4,Q
314,5,9
315,1,5
315,2,T
315,3,2
315,4,9
315,5,3
316,1,3
316,2,2
316,3,3
316,4,2
316,5,3
317,1,J
317,2,5
317,3,5
317,4,3
317,5,Q
318,1,A
318,2,2
318,3,5
318,4,5
318,5,5
319,1,4
319,2,A
319,3,A
319,4,A
319,5,A
320,1,A
320,2,3
320,3,A
320,4,K
320,5,A
321,1,3
321,2,4
321,3,4
321,4,4
321,5,T
322,1,T
322,2,Q
322,3,7
322,4,7
322,5,T
323,1,6
323,2,J
323,3,6
323,4,5
323,5,5
324,1,9
324,2,9
324,3,A
324,4,Q
324,5,2
325,1,T
325,2,K
325,3,A
325,4,T
325,5,A
326,1,8
326,2,K
326,3,4
326,4,J
326,5,6
327,1,3
327,2,K
327,3,8
327,4,K
327,5,J
328,1,3
328,2,Q
328,3,3
328,4,A
328,5,J
329,1,T
329,2,6
329,3,7
329,4,K
329,5,Q
330,1,K
330,2,2
330,3,3
330,4,6
330,5,J
331,1,6
331,2,3
331,3,3
331,4,3
331,5,6
332,1,6
332,2,4
332,3,8
332,4,A
332,5,5
333,1,4
333,2,T
333,3,T
333,4,4
333,5,T
334,1,9
334,2,8
334,3,K
334,4,5
334,5,6
335,1,3
335,2,4
335,3,9
335,4,Q
335,5,T
336,1,9
336,2,8
336,3,5
336,4,T
336,5,4
337,1,9
337,2,T
337,3,3
337,4,3
337,5,9
338,1,8
338,2,8
338,3,A
338,4,8
338,5,A
339,1,3
339,2,J
339,3,3
339,4,J
339,5,3
340,1,2
340,2,6
340,3,7
340,4,5
340,5,2
341,1,J
341,2,A
341,3,6
341,4,6
341,5,8
342,1,K
342,2,K
342,3,A
342,4,A
342,5,7
343,1,A
343,2,J
343,3,A
343,4,J
343,5,3
344,1,7
344,2,A
344,3,8
344,4,7
344,5,T
345,1,K
345,2,3
345,3,J
345,4,3
345,5,A
346,1,3
346,2,8
346,3,8
346,4,8
346,5,J
347,1,6
347,2,2
347,3,4
347,4,2
347,5,K
348,1,3
348,2,J
348,3,A
348,4,Q
348,5,Q
349,1,A
349,2,A
349,3,7
349,4,K
349,5,J
350,1,J
350,2,T
350,3,6
350,4,2
350,5,3
351,1,Q
351,2,J
351,3,Q
351,4,4
351,5,Q
352,1,9
352,2,9
352,3,J
352,4,J
352,5,J
353,1,8
353,2,3
353,3,3
353,4,8
353,5,3
354,1,5
354,2,K
354,3,7
354,4,J
354,5,6
355,1,6
355,2,Q
355,3,6
355,4,3
355,5,9
356,1,J
356,2,J
356,3,8
356,4,J
356,5,J
357,1,5
357,2,2
357,3,9
357,4,4
357,5,A
358,1,6
358,2,6
358,3,7
358,4,6
358,5,6
359,1,3
359,2,T
359,3,9
359,4,J
359,5,T
360,1,A
360,2,7
360,3,T
360,4,8
360,5,J
361,1,Q
361,2,7
361,3,4
361,4,J
361,5,7
362,1,5
362,2,2
362,3,9
362,4,6
362,5,K
363,1,2
363,2,5
363,3,8
363,4,8
363,5,8
364,1,A
364,2,5
364,3,A
364,4,J
364,5,Q
365,1,T
365,2,J
365,3,K
365,4,K
365,5,6
366,1,T
366,2,T
366,3,J
366,4,T
366,5,A
367,1,7
367,2,4
367,3,Q
367,4,K
367,5,4
368,1,8
368,2,Q
368,3,T
368,4,A
368,5,J
369,1,A
369,2,2
369,3,6
369,4,3
369,5,2
370,1,2
370,2,2
370,3,8
370,4,2
370,5,5
371,1,J
371,2,5
371,3,2
371,4,8
371,5,6
372,1,9
372,2,9
372,3,9
372,4,T
372,5,9
373,1,2
373,2,2
373,3,2
373,4,5
373,5,2
374,1,2
374,2,Q
374,3,2
374,4,2
374,5,2
375,1,5
375,2,5
375,3,J
375,4,5
375,5,5
376,1,K
376,2,3
376,3,8
376,4,K
376,5,2
377,1,J
377,2,A
377,3,A
377,4,4
377,5,Q
378,1,4
378,2,9
378,3,J
378,4,5
378,5,4
379,1,7
379,2,K
379,3,3
379,4,7
379,5,Q
380,1,3
380,2,9
380,3,3
380,4,5
380,5,4
381,1,8
381,2,Q
381,3,7
381,4,6
381,5,Q
382,1,6
382,2,6
382,3,6
382,4,J
382,5,Q
383,1,7
383,2,7
383,3,T
383,4,T
383,5,K
384,1,Q
384,2,9
384,3,T
384,4,8
384,5,7
385,1,4
385,2,4
385,3,4
385,4,9
385,5,4
386,1,J
386,2,J
386,3,K
386,4,2
386,5,4
387,1,A
387,2,A
387,3,A
387,4,A
387,5,K
388,1,2
388,2,5
388,3,Q
388,4,7
388,5,Q
389,1,Q
389,2,4
389,3,6
389,4,5
389,5,8
390,1,K
390,2,2
390,3,Q
390,4,8
390,5,T
391,1,7
391,2,T
391,3,9
391,4,7
391,5,9
392,1,K
392,2,3
392,3,6
392,4,5
392,5,Q
393,1,4
393,2,T
393,3,8
393,4,2
393,5,2
394,1,5
394,2,7
394,3,K
394,4,K
394,5,5
395,1,6
395,2,9
395,3,5
395,4,5
395,5,5
396,1,J
396,2,8
396,3,J
396,4,8
396,5,T
397,1,K
397,2,A
397,3,K
397,4,K
397,5,K
398,1,9
398,2,T
398,3,5
398,4,J
398,5,A
399,1,8
399,2,8
399,3,K
399,4,K
399,5,6
400,1,4
400,2,7
400,3,5
400,4,6
400,5,9
401,1,3
401,2,9
401,3,Q
401,4,5
401,5,8
402,1,3
402,2,3
402,3,3
402,4,9
402,5,9
403,1,9
403,2,A
403,3,6
403,4,T
403,5,K
404,1,2
404,2,8
404,3,A
404,4,A
404,5,A
405,1,6
405,2,4
405,3,4
405,4,4
405,5,9
406,1,T
406,2,4
406,3,J
406,4,6
406,5,Q
407,1,6
407,2,2
407,3,2
407,4,2
407,5,A
408,1,T
408,2,A
408,3,A
408,4,7
408,5,2
409,1,K
409,2,K
409,3,6
409,4,6
409,5,7
410,1,9
410,2,Q
410,3,9
410,4,Q
410,5,6
411,1,K
411,2,6
411,3,K
411,4,3
411,5,K
412,1,5
412,2,Q
412,3,T
412,4,Q
412,5,Q
413,1,T
413,2,J
413,3,4
413,4,4
413,5,J
414,1,8
414,2,5
414,3,9
414,4,5
414,5,A
415,1,K
415,2,2
415,3,5
415,4,3
415,5,9
416,1,K
416,2,K
416,3,7
416,4,7
416,5,J
417,1,A
417,2,4
417,3,2
417,4,Q
417,5,9
418,1,2
418,2,3
418,3,3
418,4,3
418,5,3
419,1,9
419,2,J
419,3,2
419,4,9
419,5,9
420,1,2
420,2,9
420,3,2
420,4,2
420,5,2
421,1,K
421,2,K
421,3,T
421,4,A
421,5,J
422,1,5
422,2,9
422,3,5
422,4,5
422,5,5
423,1,5
423,2,Q
423,3,9
423,4,8
423,5,Q
424,1,6
424,2,5
424,3,5
424,4,5
424,5,8
425,1,4
425,2,6
425,3,4
425,4,K
425,5,6
426,1,7
426,2,7
426,3,7
426,4,3
426,5,K
427,1,A
427,2,J
427,3,A
427,4,J
427,5,A
428,1,7
428,2,7
428,3,9
428,4,7
428,5,7
429,1,5
429,2,7
429,3,4
429,4,4
429,5,3
430,1,A
430,2,A
430,3,J
430,4,A
430,5,A
431,1,5
431,2,A
431,3,A
431,4,6
431,5,A
432,1,6
432,2,9
432,3,6
432,4,7
432,5,9
433,1,6
433,2,J
433,3,Q
433,4,3
433,5,K
434,1,Q
434,2,3
434,3,J
434,4,3
434,5,Q
435,1,A
435,2,Q
435,3,5
435,4,5
435,5,6
436,1,A
436,2,6
436,3,J
436,4,3
436,5,K
437,1,T
437,2,T
437,3,7
437,4,T
437,5,6
438,1,3
438,2,Q
438,3,Q
438,4,Q
438,5,A
439,1,2
439,2,7
439,3,3
439,4,9
439,5,9
440,1,5
440,2,4
440,3,Q
440,4,5
440,5,Q
441,1,Q
441,2,2
441,3,9
441,4,7
441,5,5
442,1,9
442,2,3
442,3,8
442,4,9
442,5,8
443,1,8
443,2,6
443,3,8
443,4,2
443,5,8
444,1,T
444,2,T
444,3,T
444,4,9
444,5,T
445,1,6
445,2,Q
445,3,A
445,4,7
445,5,3
446,1,A
446,2,8
446,3,J
446,4,7
446,5,4
447,1,J
447,2,8
447,3,J
447,4,8
447,5,8
448,1,2
448,2,4
448,3,T
448,4,4
448,5,2
449,1,3
449,2,8
449,3,7
449,4,Q
449,5,6
450,1,9
450,2,8
450,3,A
450,4,9
450,5,9
451,1,A
451,2,A
451,3,3
451,4,A
451,5,A
452,1,4
452,2,4
452,3,K
452,4,K
452,5,K
453,1,8
453,2,6
453,3,5
453,4,8
453,5,K
454,1,2
454,2,8
454,3,2
454,4,2
454,5,8
455,1,2
455,2,A
455,3,A
455,4,A
455,5,A
456,1,8
456,2,A
456,3,2
456,4,T
456,5,3
457,1,7
457,2,5
457,3,Q
457,4,8
457,5,2
458,1,3
458,2,8
458,3,7
458,4,K
458,5,K
459,1,K
459,2,4
459,3,4
459,4,4
459,5,K
460,1,K
460,2,9
460,3,9
460,4,9
460,5,9
461,1,K
461,2,K
461,3,9
461,4,A
461,5,K
462,1,Q
462,2,Q
462,3,A
462,4,Q
462,5,A
463,1,4
463,2,7
463,3,5
463,4,K
463,5,K
464,1,7
464,2,2
464,3,2
464,4,7
464,5,7
465,1,J
465,2,T
465,3,7
465,4,T
465,5,3
466,1,Q
466,2,5
466,3,5
466,4,5
466,5,Q
467,1,5
467,2,5
467,3,5
467,4,5
467,5,K
468,1,Q
468,2,Q
468,3,5
468,4,8
468,5,J
469,1,J
469,2,3
469,3,7
469,4,6
469,5,2
470,1,8
470,2,5
470,3,2
470,4,8
470,5,3
471,1,9
471,2,T
471,3,4
471,4,4
471,5,T
472,1,6
472,2,K
472,3,T
472,4,A
472,5,J
473,1,2
473,2,4
473,3,J
473,4,2
473,5,9
474,1,3
474,2,6
474,3,6
474,4,5
474,5,3
475,1,K
475,2,Q
475,3,A
475,4,K
475,5,A
476,1,K
476,2,T
476,3,K
476,4,5
476,5,A
477,1,Q
477,2,9
477,3,9
477,4,9
477,5,T
478,1,8
478,2,2
478,3,8
478,4,2
478,5,8
479,1,A
479,2,T
479,3,7
479,4,A
479,5,T
480,1,7
480,2,3
480,3,T
480,4,T
480,5,8
481,1,A
481,2,4
481,3,Q
481,4,4
481,5,Q
482,1,T
482,2,8
482,3,3
482,4,2
482,5,6
483,1,5
483,2,Q
483,3,Q
483,4,Q
483,5,7
484,1,T
484,2,K
484,3,K
484,4,K
484,5,T
485,1,A
485,2,9
485,3,2
485,4,A
485,5,9
486,1,6
486,2,6
486,3,8
486,4,9
486,5,J
487,1,2
487,2,J
487,3,2
487,4,2
487,5,2
488,1,5
488,2,6
488,3,6
488,4,Q
488,5,8
489,1,Q
489,2,9
489,3,Q
489,4,Q
489,5,Q
490,1,2
490,2,3
490,3,2
490,4,2
490,5,A
491,1,6
491,2,6
491,3,3
491,4,6
491,5,6
492,1,J
492,2,J
492,3,J
492,4,J
492,5,J
493,1,2
493,2,7
493,3,8
493,4,T
493,5,9
494,1,6
494,2,9
494,3,4
494,4,9
494,5,T
495,1,3
495,2,K
495,3,5
495,4,K
495,5,8
496,1,T
496,2,K
496,3,3
496,4,K
496,5,2
497,1,A
497,2,A
497,3,9
497,4,A
497,5,A
498,1,6
498,2,5
498,3,3
498,4,J
498,5,K
499,1,4
499,2,K
499,3,5
499,4,J
499,5,A
500,1,6
500,2,3
500,3,8
500,4,6
500,5,3
501,1,5
501,2,5
501,3,9
501,4,3
501,5,J
502,1,5
502,2,5
502,3,4
502,4,7
502,5,4
503,1,9
503,2,9
503,3,T
503,4,9
503,5,T
504,1,5
504,2,A
504,3,9
504,4,5
504,5,J
505,1,T
505,2,5
505,3,K
505,4,2
505,5,8
506,1,K
506,2,K
506,3,J
506,4,J
506,5,K
507,1,5
507,2,7
507,3,8
507,4,6
507,5,5
508,1,J
508,2,K
508,3,K
508,4,T
508,5,T
509,1,A
509,2,A
509,3,A
509,4,A
509,5,T
510,1,T
510,2,T
510,3,J
510,4,4
510,5,J
511,1,9
511,2,3
511,3,3
511,4,6
511,5,9
512,1,8
512,2,J
512,3,7
512,4,7
512,5,7
513,1,9
513,2,6
513,3,2
513,4,6
513,5,7
514,1,5
514,2,6
514,3,Q
514,4,9
514,5,T
515,1,7
515,2,Q
515,3,Q
515,4,4
515,5,2
516,1,6
516,2,7
516,3,K
516,4,4
516,5,T
517,1,A
517,2,A
517,3,A
517,4,8
517,5,A
518,1,J
518,2,A
518,3,J
518,4,K
518,5,Q
519,1,9
519,2,7
519,3,J
519,4,7
519,5,7
520,1,K
520,2,7
520,3,K
520,4,9
520,5,J
521,1,8
521,2,8
521,3,J
521,4,J
521,5,A
522,1,7
522,2,4
522,3,A
522,4,4
522,5,4
523,1,K
523,2,K
523,3,A
523,4,J
523,5,K
524,1,3
524,2,T
524,3,T
524,4,5
524,5,Q
525,1,2
525,2,7
525,3,7
525,4,6
525,5,2
526,1,T
526,2,T
526,3,3
526,4,T
526,5,T
527,1,6
527,2,3
527,3,8
527,4,8
527,5,Q
528,1,3
528,2,T
528,3,4
528,4,8
528,5,T
529,1,A
529,2,J
529,3,Q
529,4,J
529,5,5
530,1,6
530,2,5
530,3,K
530,4,2
530,5,Q
531,1,A
531,2,4
531,3,6
531,4,5
531,5,2
532,1,6
532,2,5
532,3,A
532,4,7
532,5,2
533,1,J
533,2,6
533,3,6
533,4,J
533,5,6
534,1,4
534,2,4
534,3,4
534,4,3
534,5,4
535,1,9
535,2,9
535,3,7
535,4,7
535,5,7
536,1,3
536,2,J
536,3,2
536,4,Q
536,5,2
537,1,6
537,2,6
537,3,Q
537,4,Q
537,5,8
538,1,A
538,2,9
538,3,9
538,4,9
538,5,J
539,1,A
539,2,A
539,3,J
539,4,J
539,5,2
540,1,7
540,2,7
540,3,8
540,4,9
540,5,A
541,1,7
541,2,3
541,3,7
541,4,3
541,5,7
542,1,Q
542,2,Q
542,3,Q
542,4,T
542,5,8
543,1,T
543,2,2
543,3,2
543,4,4
543,5,K
544,1,K
544,2,3
544,3,2
544,4,8
544,5,9
545,1,A
545,2,J
545,3,A
545,4,7
545,5,7
546,1,8
546,2,8
546,3,5
546,4,4
546,5,8
547,1,5
547,2,5
547,3,5
547,4,5
547,5,4
548,1,3
548,2,8
548,3,3
548,4,8
548,5,6
549,1,9
549,2,9
549,3,9
549,4,A
549,5,9
550,1,K
550,2,J
550,3,K
550,4,5
550,5,5
551,1,J
551,2,7
551,3,7
551,4,J
551,5,7
552,1,7
552,2,7
552,3,7
552,4,J
552,5,K
553,1,5
553,2,7
553,3,7
553,4,T
553,5,2
554,1,9
554,2,9
554,3,9
554,4,6
554,5,9
555,1,9
555,2,8
555,3,9
555,4,8
555,5,J
556,1,2
556,2,2
556,3,5
556,4,K
556,5,9
557,1,9
557,2,T
557,3,T
557,4,3
557,5,9
558,1,7
558,2,T
558,3,J
558,4,5
558,5,A
559,1,4
559,2,5
559,3,4
559,4,7
559,5,7
560,1,T
560,2,T
560,3,A
560,4,J
560,5,4
561,1,T
561,2,T
561,3,2
561,4,2
561,5,J
562,1,4
562,2,J
562,3,2
562,4,2
562,5,2
563,1,A
563,2,8
563,3,A
563,4,9
563,5,8
564,1,8
564,2,Q
564,3,3
564,4,3
564,5,3
565,1,A
565,2,3
565,3,Q
565,4,3
565,5,A
566,1,2
566,2,9
566,3,K
566,4,6
566,5,8
567,1,5
567,2,K
567,3,5
567,4,5
567,5,8
568,1,5
568,2,8
568,3,7
568,4,7
568,5,8
569,1,2
569,2,9
569,3,2
569,4,3
569,5,Q
570,1,4
570,2,K
570,3,6
570,4,K
570,5,J
571,1,T
571,2,9
571,3,J
571,4,9
571,5,9
572,1,3
572,2,3
572,3,T
572,4,3
572,5,Q
573,1,8
573,2,K
573,3,K
573,4,K
573,5,T
574,1,3
574,2,3
574,3,T
574,4,3
574,5,5
575,1,Q
575,2,Q
575,3,K
575,4,Q
575,5,T
576,1,4
576,2,8
576,3,J
576,4,3
576,5,6
577,1,7
577,2,J
577,3,7
577,4,7
577,5,7
578,1,J
578,2,5
578,3,8
578,4,5
578,5,A
579,1,4
579,2,5
579,3,5
579,4,4
579,5,5
580,1,T
580,2,8
580,3,8
580,4,J
580,5,T
581,1,4
581,2,3
581,3,3
581,4,6
581,5,4
582,1,7
582,2,7
582,3,A
582,4,7
582,5,7
583,1,A
583,2,J
583,3,4
583,4,Q
583,5,8
584,1,3
584,2,A
584,3,3
584,4,6
584,5,2
585,1,7
585,2,3
585,3,7
585,4,3
585,5,2
586,1,6
586,2,8
586,3,6
586,4,6
586,5,6
587,1,2
587,2,Q
587,3,6
587,4,Q
587,5,6
588,1,3
588,2,4
588,3,K
588,4,3
588,5,3
589,1,T
589,2,5
589,3,K
589,4,3
589,5,4
590,1,T
590,2,J
590,3,9
590,4,T
590,5,6
591,1,4
591,2,Q
591,3,Q
591,4,4
591,5,4
592,1,K
592,2,3
592,3,J
592,4,K
592,5,3
593,1,6
593,2,6
593,3,A
593,4,2
593,5,A
594,1,K
594,2,T
594,3,K
594,4,3
594,5,3
595,1,6
595,2,A
595,3,A
595,4,A
595,5,A
596,1,7
596,2,5
596,3,5
596,4,4
596,5,J
597,1,4
597,2,4
597,3,4
597,4,4
597,5,T
598,1,2
598,2,2
598,3,7
598,4,7
598,5,2
599,1,2
599,2,4
599,3,2
599,4,2
599,5,9
600,1,8
600,2,J
600,3,8
600,4,6
600,5,K
601,1,K
601,2,K
601,3,7
601,4,A
601,5,5
602,1,6
602,2,T
602,3,6
602,4,3
602,5,2
603,1,2
603,2,J
603,3,2
603,4,K
603,5,2
604,1,A
604,2,A
604,3,J
604,4,5
604,5,4
605,1,Q
605,2,A
605,3,T
605,4,8
605,5,7
606,1,J
606,2,9
606,3,Q
606,4,Q
606,5,8
607,1,9
607,2,2
607,3,Q
607,4,Q
607,5,2
608,1,6
608,2,T
608,3,K
608,4,A
608,5,8
609,1,Q
609,2,Q
609,3,Q
609,4,Q
609,5,A
610,1,A
610,2,5
610,3,J
610,4,J
610,5,3
611,1,3
611,2,T
611,3,4
611,4,4
611,5,5
612,1,9
612,2,3
612,3,9
612,4,9
612,5,5
613,1,6
613,2,Q
613,3,Q
613,4,J
613,5,3
614,1,T
614,2,4
614,3,T
614,4,J
614,5,4
615,1,2
615,2,T
615,3,2
615,4,T
615,5,T
616,1,K
616,2,8
616,3,J
616,4,7
616,5,T
617,1,8
617,2,9
617,3,9
617,4,9
617,5,9
618,1,Q
618,2,7
618,3,7
618,4,J
618,5,6
619,1,T
619,2,T
619,3,2
619,4,T
619,5,T
620,1,6
620,2,J
620,3,Q
620,4,2
620,5,9
621,1,8
621,2,T
621,3,Q
621,4,T
621,5,8
622,1,6
622,2,T
622,3,T
622,4,T
622,5,T
623,1,T
623,2,6
623,3,A
623,4,6
623,5,6
624,1,7
624,2,7
624,3,8
624,4,8
624,5,4
625,1,3
625,2,3
625,3,6
625,4,3
625,5,3
626,1,T
626,2,9
626,3,9
626,4,T
626,5,5
627,1,7
627,2,T
627,3,5
627,4,4
627,5,J
628,1,3
628,2,3
628,3,7
628,4,3
628,5,9
629,1,4
629,2,K
629,3,5
629,4,4
629,5,4
630,1,9
630,2,Q
630,3,9
630,4,J
630,5,9
631,1,8
631,2,Q
631,3,Q
631,4,7
631,5,9
632,1,2
632,2,Q
632,3,Q
632,4,6
632,5,9
633,1,T
633,2,K
633,3,J
633,4,2
633,5,K
634,1,5
634,2,6
634,3,5
634,4,4
634,5,5
635,1,5
635,2,A
635,3,8
635,4,A
635,5,4
636,1,6
636,2,6
636,3,5
636,4,6
636,5,6
637,1,6
637,2,9
637,3,9
637,4,9
637,5,6
638,1,J
638,2,J
638,3,Q
638,4,Q
638,5,Q
639,1,J
639,2,2
639,3,7
639,4,K
639,5,J
640,1,2
640,2,2
640,3,4
640,4,2
640,5,4
641,1,6
641,2,4
641,3,Q
641,4,Q
641,5,4
642,1,9
642,2,8
642,3,8
642,4,A
642,5,8
643,1,7
643,2,K
643,3,4
643,4,4
643,5,7
644,1,T
644,2,8
644,3,K
644,4,8
644,5,T
645,1,7
645,2,K
645,3,A
645,4,J
645,5,K
646,1,8
646,2,8
646,3,8
646,4,5
646,5,5
647,1,7
647,2,5
647,3,7
647,4,4
647,5,3
648,1,K
648,2,T
648,3,7
648,4,K
648,5,K
649,1,J
649,2,3
649,3,A
649,4,5
649,5,6
650,1,3
650,2,2
650,3,2
650,4,4
650,5,A
651,1,J
651,2,7
651,3,3
651,4,J
651,5,2
652,1,7
652,2,9
652,3,9
652,4,5
652,5,5
653,1,5
653,2,8
653,3,J
653,4,K
653,5,5
654,1,A
654,2,4
654,3,A
654,4,J
654,5,J
655,1,3
655,2,3
655,3,J
655,4,4
655,5,4
656,1,9
656,2,5
656,3,7
656,4,8
656,5,5
657,1,3
657,2,K
657,3,5
657,4,4
657,5,8
658,1,K
658,2,4
658,3,7
658,4,J
658,5,4
659,1,9
659,2,Q
659,3,Q
659,4,J
659,5,Q
660,1,J
660,2,8
660,3,5
660,4,Q
660,5,7
661,1,6
661,2,4
661,3,4
661,4,6
661,5,6
662,1,4
662,2,7
662,3,8
662,4,K
662,5,Q
663,1,8
663,2,8
663,3,9
663,4,8
663,5,9
664,1,T
664,2,2
664,3,T
664,4,2
664,5,2
665,1,3
665,2,8
665,3,A
665,4,2
665,5,2
666,1,8
666,2,Q
666,3,J
666,4,J
666,5,8
667,1,K
667,2,4
667,3,K
667,4,K
667,5,K
668,1,2
668,2,9
668,3,9
668,4,4
668,5,2
669,1,3
669,2,A
669,3,K
669,4,5
669,5,6
670,1,3
670,2,8
670,3,8
670,4,K
670,5,6
671,1,8
671,2,2
671,3,2
671,4,3
671,5,3
672,1,A
672,2,9
672,3,A
672,4,T
672,5,T
673,1,A
673,2,J
673,3,K
673,4,4
673,5,6
674,1,6
674,2,9
674,3,9
674,4,T
674,5,9
675,1,3
675,2,3
675,3,3
675,4,3
675,5,8
676,1,5
676,2,5
676,3,J
676,4,3
676,5,3
677,1,8
677,2,J
677,3,8
677,4,6
677,5,8
678,1,4
678,2,4
678,3,2
678,4,4
678,5,9
679,1,K
679,2,T
679,3,T
679,4,7
679,5,J
680,1,8
680,2,T
680,3,A
680,4,2
680,5,Q
681,1,8
681,2,8
681,3,9
681,4,2
681,5,8
682,1,A
682,2,A
682,3,5
682,4,A
682,5,9
683,1,5
683,2,A
683,3,A
683,4,A
683,5,A
684,1,2
684,2,3
684,3,J
684,4,J
684,5,Q
685,1,7
685,2,9
685,3,J
685,4,A
685,5,2
686,1,Q
686,2,6
686,3,J
686,4,9
686,5,9
687,1,3
687,2,J
687,3,4
687,4,4
687,5,4
688,1,3
688,2,K
688,3,K
688,4,K
688,5,K
689,1,7
689,2,Q
689,3,Q
689,4,T
689,5,K
690,1,8
690,2,Q
690,3,J
690,4,8
690,5,3
691,1,2
691,2,2
691,3,5
691,4,2
691,5,Q
692,1,6
692,2,5
692,3,5
692,4,5
692,5,6
693,1,3
693,2,3
693,3,3
693,4,6
693,5,A
694,1,9
694,2,7
694,3,6
694,4,J
694,5,K
695,1,Q
695,2,A
695,3,A
695,4,A
695,5,Q
696,1,J
696,2,6
696,3,9
696,4,J
696,5,9
697,1,K
697,2,7
697,3,7
697,4,7
697,5,7
698,1,Q
698,2,8
698,3,8
698,4,8
698,5,8
699,1,Q
699,2,8
699,3,Q
699,4,J
699,5,8
700,1,8
700,2,8
700,3,8
700,4,4
700,5,8
701,1,K
701,2,K
701,3,J
701,4,3
701,5,5
702,1,9
702,2,2
702,3,9
702,4,8
702,5,8
703,1,3
703,2,3
703,3,3
703,4,4
703,5,4
704,1,5
704,2,5
704,3,J
704,4,K
704,5,3
705,1,K
705,2,3
705,3,7
705,4,Q
705,5,5
706,1,T
706,2,A
706,3,A
706,4,7
706,5,K
707,1,A
707,2,3
707,3,3
707,4,A
707,5,A
708,1,2
708,2,K
708,3,2
708,4,2
708,5,2
709,1,9
709,2,A
709,3,K
709,4,5
709,5,6
710,1,Q
710,2,T
710,3,3
710,4,8
710,5,2
711,1,K
711,2,K
711,3,2
711,4,T
711,5,2
712,1,A
712,2,A
712,3,5
712,4,5
712,5,2
713,1,9
713,2,6
713,3,A
713,4,3
713,5,7
714,1,3
714,2,J
714,3,3
714,4,7
714,5,6
715,1,J
715,2,T
715,3,J
715,4,J
715,5,T
716,1,K
716,2,K
716,3,Q
716,4,J
716,5,K
717,1,9
717,2,9
717,3,9
717,4,J
717,5,J
718,1,8
718,2,5
718,3,5
718,4,6
718,5,A
719,1,Q
719,2,4
719,3,J
719,4,J
719,5,Q
720,1,5
720,2,5
720,3,J
720,4,K
720,5,6
721,1,4
721,2,4
721,3,4
721,4,Q
721,5,4
722,1,7
722,2,Q
722,3,K
722,4,5
722,5,8
723,1,K
723,2,2
723,3,J
723,4,8
723,5,T
724,1,9
724,2,T
724,3,9
724,4,6
724,5,T
725,1,Q
725,2,6
725,3,7
725,4,9
725,5,A
726,1,3
726,2,3
726,3,A
726,4,3
726,5,7
727,1,9
727,2,3
727,3,T
727,4,J
727,5,A
728,1,4
728,2,4
728,3,4
728,4,8
728,5,9
729,1,9
729,2,T
729,3,A
729,4,9
729,5,A
730,1,6
730,2,6
730,3,K
730,4,5
730,5,K
731,1,A
731,2,8
731,3,J
731,4,8
731,5,A
732,1,3
732,2,2
732,3,2
732,4,K
732,5,2
733,1,7
733,2,7
733,3,7
733,4,T
733,5,A
734,1,A
734,2,7
734,3,7
734,4,7
734,5,8
735,1,A
735,2,J
735,3,K
735,4,9
735,5,6
736,1,T
736,2,T
736,3,J
736,4,5
736,5,T
737,1,3
737,2,Q
737,3,Q
737,4,Q
737,5,3
738,1,3
738,2,2
738,3,2
738,4,4
738,5,2
739,1,T
739,2,5
739,3,J
739,4,T
739,5,5
740,1,5
740,2,4
740,3,4
740,4,J
740,5,5
741,1,8
741,2,8
741,3,4
741,4,Q
741,5,K
742,1,7
742,2,7
742,3,3
742,4,7
742,5,J
743,1,Q
743,2,5
743,3,T
743,4,A
743,5,9
744,1,8
744,2,J
744,3,5
744,4,J
744,5,8
745,1,6
745,2,8
745,3,K
745,4,Q
745,5,9
746,1,9
746,2,Q
746,3,K
746,4,J
746,5,K
747,1,A
747,2,A
747,3,A
747,4,J
747,5,8
748,1,3
748,2,3
748,3,3
748,4,3
748,5,J
749,1,7
749,2,Q
749,3,9
749,4,7
749,5,9
750,1,7
750,2,7
750,3,2
750,4,7
750,5,7
751,1,A
751,2,K
751,3,K
751,4,Q
751,5,Q
752,1,Q
752,2,T
752,3,J
752,4,4
752,5,7
753,1,J
753,2,J
753,3,J
753,4,T
753,5,7
754,1,A
754,2,2
754,3,7
754,4,A
754,5,5
755,1,9
755,2,9
755,3,9
755,4,3
755,5,9
756,1,8
756,2,T
756,3,7
756,4,J
756,5,8
757,1,Q
757,2,9
757,3,9
757,4,2
757,5,4
758,1,7
758,2,3
758,3,7
758,4,6
758,5,3
759,1,K
759,2,J
759,3,T
759,4,4
759,5,4
760,1,8
760,2,T
760,3,2
760,4,8
760,5,8
761,1,6
761,2,4
761,3,K
761,4,4
761,5,K
762,1,6
762,2,A
762,3,6
762,4,J
762,5,A
763,1,5
763,2,6
763,3,5
763,4,5
763,5,5
764,1,7
764,2,7
764,3,4
764,4,2
764,5,7
765,1,9
765,2,9
765,3,5
765,4,6
765,5,J
766,1,7
766,2,7
766,3,5
766,4,7
766,5,J
767,1,J
767,2,3
767,3,3
767,4,3
767,5,7
768,1,4
768,2,4
768,3,2
768,4,5
768,5,6
769,1,J
769,2,J
769,3,5
769,4,5
769,5,5
770,1,5
770,2,5
770,3,8
770,4,5
770,5,9
771,1,8
771,2,9
771,3,6
771,4,T
771,5,K
772,1,6
772,2,6
772,3,K
772,4,6
772,5,6
773,1,2
773,2,Q
773,3,2
773,4,Q
773,5,Q
774,1,9
774,2,3
774,3,8
774,4,3
774,5,3
775,1,5
775,2,J
775,3,A
775,4,3
775,5,K
776,1,T
776,2,Q
776,3,K
776,4,Q
776,5,3
777,1,K
777,2,8
777,3,3
777,4,3
777,5,4
778,1,2
778,2,2
778,3,A
778,4,4
778,5,2
779,1,5
779,2,3
779,3,3
779,4,J
779,5,A
780,1,9
780,2,J
780,3,7
780,4,T
780,5,7
781,1,8
781,2,8
781,3,8
781,4,8
781,5,T
782,1,T
782,2,A
782,3,T
782,4,9
782,5,5
783,1,2
783,2,2
783,3,T
783,4,2
783,5,2
784,1,T
784,2,K
784,3,Q
784,4,J
784,5,7
785,1,4
785,2,8
785,3,4
785,4,4
785,5,8
786,1,J
786,2,3
786,3,9
786,4,9
786,5,3
787,1,T
787,2,Q
787,3,8
787,4,A
787,5,5
788,1,2
788,2,K
788,3,T
788,4,3
788,5,9
789,1,T
789,2,Q
789,3,T
789,4,T
789,5,T
790,1,J
790,2,2
790,3,A
790,4,5
790,5,T
791,1,2
791,2,K
791,3,Q
791,4,9
791,5,8
792,1,A
792,2,5
792,3,A
792,4,A
792,5,5
793,1,Q
793,2,J
793,3,T
793,4,8
793,5,T
794,1,J
794,2,7
794,3,A
794,4,A
794,5,A
795,1,2
795,2,2
795,3,7
795,4,A
795,5,2
796,1,T
796,2,5
796,3,5
796,4,5
796,5,T
797,1,T
797,2,T
797,3,6
797,4,3
797,5,A
798,1,4
798,2,8
798,3,J
798,4,A
798,5,6
799,1,7
799,2,8
799,3,8
799,4,K
799,5,9
800,1,2
800,2,A
800,3,2
800,4,K
800,5,4
801,1,3
801,2,T
801,3,J
801,4,T
801,5,T
802,1,7
802,2,4
802,3,K
802,4,8
802,5,7
803,1,4
803,2,5
803,3,Q
803,4,2
803,5,2
804,1,2
804,2,2
804,3,8
804,4,J
804,5,8
805,1,A
805,2,J
805,3,J
805,4,2
805,5,T
806,1,9
806,2,2
806,3,7
806,4,4
806,5,T
807,1,T
807,2,4
807,3,T
807,4,Q
807,5,T
808,1,J
808,2,T
808,3,T
808,4,6
808,5,6
809,1,4
809,2,3
809,3,4
809,4,4
809,5,K
810,1,8
810,2,8
810,3,7
810,4,8
810,5,A
811,1,5
811,2,5
811,3,6
811,4,6
811,5,6
812,1,5
812,2,A
812,3,2
812,4,Q
812,5,5
813,1,7
813,2,7
813,3,T
813,4,7
813,5,8
814,1,K
814,2,J
814,3,K
814,4,5
814,5,9
815,1,T
815,2,T
815,3,T
815,4,J
815,5,T
816,1,9
816,2,5
816,3,2
816,4,J
816,5,9
817,1,J
817,2,6
817,3,6
817,4,6
817,5,6
818,1,J
818,2,T
818,3,J
818,4,2
818,5,9
819,1,9
819,2,A
819,3,2
819,4,7
819,5,8
820,1,9
820,2,3
820,3,3
820,4,A
820,5,A
821,1,5
821,2,7
821,3,3
821,4,5
821,5,7
822,1,3
822,2,3
822,3,4
822,4,A
822,5,J
823,1,J
823,2,4
823,3,K
823,4,K
823,5,4
824,1,J
824,2,2
824,3,2
824,4,2
824,5,6
825,1,4
825,2,9
825,3,9
825,4,9
825,5,9
826,1,Q
826,2,6
826,3,Q
826,4,Q
826,5,2
827,1,6
827,2,A
827,3,4
827,4,J
827,5,3
828,1,8
828,2,Q
828,3,J
828,4,A
828,5,2
829,1,9
829,2,9
829,3,9
829,4,K
829,5,7
830,1,K
830,2,7
830,3,Q
830,4,8
830,5,7
831,1,2
831,2,2
831,3,2
831,4,2
831,5,6
832,1,7
832,2,K
832,3,9
832,4,K
832,5,8
833,1,A
833,2,8
833,3,5
833,4,A
833,5,A
834,1,2
834,2,J
834,3,J
834,4,K
834,5,2
835,1,Q
835,2,3
835,3,T
835,4,T
835,5,Q
836,1,3
836,2,7
836,3,7
836,4,Q
836,5,T
837,1,8
837,2,2
837,3,2
837,4,2
837,5,3
838,1,Q
838,2,Q
838,3,7
838,4,Q
838,5,6
839,1,9
839,2,J
839,3,7
839,4,J
839,5,Q
840,1,7
840,2,A
840,3,7
840,4,T
840,5,T
841,1,4
841,2,5
841,3,J
841,4,J
841,5,2
842,1,8
842,2,2
842,3,J
842,4,4
842,5,T
843,1,9
843,2,A
843,3,A
843,4,9
843,5,9
844,1,5
844,2,3
844,3,K
844,4,5
844,5,3
845,1,K
845,2,2
845,3,K
845,4,K
845,5,K
846,1,6
846,2,4
846,3,6
846,4,J
846,5,3
847,1,2
847,2,6
847,3,J
847,4,2
847,5,7
848,1,8
848,2,7
848,3,A
848,4,2
848,5,6
849,1,3
849,2,4
849,3,3
849,4,J
849,5,5
850,1,Q
850,2,Q
850,3,4
850,4,Q
850,5,Q
851,1,9
851,2,J
851,3,T
851,4,Q
851,5,9
852,1,A
852,2,3
852,3,A
852,4,3
852,5,8
853,1,T
853,2,2
853,3,5
853,4,3
853,5,8
854,1,5
854,2,2
854,3,5
854,4,5
854,5,3
855,1,6
855,2,6
855,3,6
855,4,2
855,5,2
856,1,5
856,2,T
856,3,5
856,4,T
856,5,T
857,1,8
857,2,J
857,3,J
857,4,K
857,5,J
858,1,A
858,2,3
858,3,3
858,4,3
858,5,A
859,1,K
859,2,K
859,3,5
859,4,Q
859,5,Q
860,1,J
860,2,9
860,3,9
860,4,9
860,5,9
861,1,K
861,2,T
861,3,K
861,4,T
861,5,7
862,1,Q
862,2,Q
862,3,6
862,4,2
862,5,2
863,1,5
863,2,5
863,3,Q
863,4,7
863,5,K
864,1,7
864,2,9
864,3,T
864,4,K
864,5,8
865,1,J
865,2,J
865,3,9
865,4,8
865,5,A
866,1,2
866,2,A
866,3,3
866,4,3
866,5,2
867,1,3
867,2,3
867,3,T
867,4,3
867,5,9
868,1,9
868,2,4
868,3,J
868,4,7
868,5,3
869,1,Q
869,2,2
869,3,2
869,4,Q
869,5,J
870,1,5
870,2,3
870,3,A
870,4,9
870,5,A
871,1,6
871,2,9
871,3,6
871,4,6
871,5,6
872,1,K
872,2,A
872,3,J
872,4,A
872,5,T
873,1,Q
873,2,Q
873,3,8
873,4,4
873,5,Q
874,1,6
874,2,3
874,3,7
874,4,2
874,5,3
875,1,Q
875,2,3
875,3,A
875,4,8
875,5,K
876,1,3
876,2,J
876,3,3
876,4,6
876,5,Q
877,1,8
877,2,5
877,3,J
877,4,8
877,5,8
878,1,5
878,2,T
878,3,9
878,4,J
878,5,3
879,1,2
879,2,K
879,3,K
879,4,2
879,5,K
880,1,Q
880,2,5
880,3,J
880,4,K
880,5,J
881,1,6
881,2,8
881,3,9
881,4,2
881,5,6
882,1,T
882,2,Q
882,3,7
882,4,9
882,5,9
883,1,4
883,2,6
883,3,T
883,4,T
883,5,4
884,1,9
884,2,7
884,3,9
884,4,9
884,5,7
885,1,2
885,2,A
885,3,2
885,4,8
885,5,2
886,1,6
886,2,T
886,3,Q
886,4,8
886,5,8
887,1,3
887,2,3
887,3,9
887,4,9
887,5,9
888,1,7
888,2,Q
888,3,2
888,4,6
888,5,4
889,1,A
889,2,A
889,3,A
889,4,A
889,5,7
890,1,8
890,2,6
890,3,8
890,4,8
890,5,8
891,1,A
891,2,7
891,3,5
891,4,2
891,5,J
892,1,2
892,2,T
892,3,7
892,4,2
892,5,7
893,1,5
893,2,T
893,3,5
893,4,4
893,5,T
894,1,2
894,2,Q
894,3,Q
894,4,Q
894,5,Q
895,1,6
895,2,7
895,3,9
895,4,7
895,5,J
896,1,6
896,2,K
896,3,5
896,4,6
896,5,T
897,1,6
897,2,7
897,3,9
897,4,Q
897,5,8
898,1,8
898,2,A
898,3,K
898,4,2
898,5,5
899,1,K
899,2,6
899,3,A
899,4,J
899,5,K
900,1,8
900,2,J
900,3,8
900,4,3
900,5,J
901,1,A
901,2,7
901,3,A
901,4,A
901,5,2
902,1,9
902,2,J
902,3,2
902,4,T
902,5,Q
903,1,A
903,2,8
903,3,J
903,4,8
903,5,4
904,1,8
904,2,7
904,3,7
904,4,8
904,5,7
905,1,8
905,2,6
905,3,7
905,4,A
905,5,J
906,1,Q
906,2,Q
906,3,J
906,4,Q
906,5,Q
907,1,Q
907,2,Q
907,3,T
907,4,Q
907,5,Q
908,1,2
908,2,2
908,3,5
908,4,T
908,5,5
909,1,5
909,2,Q
909,3,Q
909,4,7
909,5,7
910,1,K
910,2,7
910,3,K
910,4,K
910,5,K
911,1,T
911,2,7
911,3,T
911,4,T
911,5,T
912,1,A
912,2,4
912,3,A
912,4,A
912,5,6
913,1,K
913,2,Q
913,3,9
913,4,8
913,5,7
914,1,A
914,2,T
914,3,T
914,4,A
914,5,T
915,1,6
915,2,J
915,3,9
915,4,A
915,5,4
916,1,9
916,2,9
916,3,Q
916,4,2
916,5,J
917,1,9
917,2,5
917,3,5
917,4,4
917,5,9
918,1,K
918,2,K
918,3,Q
918,4,K
918,5,K
919,1,6
919,2,A
919,3,5
919,4,Q
919,5,7
920,1,8
920,2,3
920,3,7
920,4,8
920,5,J
921,1,6
921,2,4
921,3,4
921,4,4
921,5,4
922,1,J
922,2,T
922,3,T
922,4,J
922,5,T
923,1,J
923,2,7
923,3,5
923,4,K
923,5,5
924,1,Q
924,2,Q
924,3,K
924,4,2
924,5,8
925,1,4
925,2,K
925,3,3
925,4,J
925,5,6
926,1,2
926,2,T
926,3,T
926,4,T
926,5,7
927,1,K
927,2,3
927,3,3
927,4,3
927,5,9
928,1,2
928,2,7
928,3,2
928,4,2
928,5,2
929,1,2
929,2,9
929,3,A
929,4,2
929,5,9
930,1,4
930,2,9
930,3,8
930,4,8
930,5,2
931,1,6
931,2,3
931,3,J
931,4,3
931,5,3
932,1,5
932,2,T
932,3,5
932,4,J
932,5,7
933,1,7
933,2,4
933,3,4
933,4,3
933,5,K
934,1,4
934,2,K
934,3,4
934,4,4
934,5,J
935,1,K
935,2,6
935,3,6
935,4,2
935,5,6
936,1,2
936,2,8
936,3,8
936,4,8
936,5,8
937,1,T
937,2,4
937,3,7
937,4,K
937,5,T
938,1,2
938,2,2
938,3,5
938,4,6
938,5,2
939,1,K
939,2,8
939,3,6
939,4,2
939,5,7
940,1,Q
940,2,9
940,3,2
940,4,K
940,5,K
941,1,J
941,2,2
941,3,6
941,4,4
941,5,4
942,1,A
942,2,A
942,3,6
942,4,T
942,5,7
943,1,2
943,2,Q
943,3,Q
943,4,2
943,5,2
944,1,4
944,2,4
944,3,7
944,4,J
944,5,7
945,1,J
945,2,8
945,3,A
945,4,2
945,5,5
946,1,2
946,2,A
946,3,8
946,4,9
946,5,8
947,1,4
947,2,6
947,3,K
947,4,5
947,5,5
948,1,J
948,2,T
948,3,T
948,4,T
948,5,9
949,1,Q
949,2,Q
949,3,Q
949,4,7
949,5,Q
950,1,7
950,2,Q
950,3,7
950,4,J
950,5,Q
951,1,7
951,2,7
951,3,A
951,4,3
951,5,7
952,1,3
952,2,3
952,3,2
952,4,4
952,5,4
953,1,Q
953,2,8
953,3,5
953,4,2
953,5,9
954,1,8
954,2,2
954,3,A
954,4,5
954,5,Q
955,1,7
955,2,6
955,3,8
955,4,7
955,5,7
956,1,A
956,2,7
956,3,J
956,4,3
956,5,T
957,1,Q
957,2,K
957,3,T
957,4,4
957,5,K
958,1,5
958,2,7
958,3,A
958,4,J
958,5,A
959,1,8
959,2,Q
959,3,3
959,4,J
959,5,3
960,1,K
960,2,A
960,3,4
960,4,Q
960,5,Q
961,1,K
961,2,K
961,3,K
961,4,J
961,5,K
962,1,6
962,2,6
962,3,8
962,4,6
962,5,4
963,1,K
963,2,K
963,3,3
963,4,K
963,5,3
964,1,Q
964,2,8
964,3,8
964,4,5
964,5,3
965,1,2
965,2,2
965,3,3
965,4,T
965,5,6
966,1,K
966,2,A
966,3,K
966,4,T
966,5,K
967,1,9
967,2,9
967,3,Q
967,4,9
967,5,A
968,1,Q
968,2,7
968,3,4
968,4,2
968,5,5
969,1,A
969,2,8
969,3,6
969,4,K
969,5,5
970,1,J
970,2,4
970,3,8
970,4,3
970,5,K
971,1,K
971,2,K
971,3,8
971,4,K
971,5,K
972,1,A
972,2,5
972,3,2
972,4,T
972,5,Q
973,1,T
973,2,A
973,3,A
973,4,3
973,5,7
974,1,K
974,2,4
974,3,A
974,4,A
974,5,K
975,1,K
975,2,K
975,3,4
975,4,8
975,5,A
976,1,6
976,2,4
976,3,4
976,4,8
976,5,4
977,1,3
977,2,K
977,3,3
977,4,T
977,5,A
978,1,8
978,2,8
978,3,9
978,4,8
978,5,J
979,1,J
979,2,A
979,3,J
979,4,A
979,5,J
980,1,K
980,2,8
980,3,2
980,4,8
980,5,6
981,1,8
981,2,2
981,3,K
981,4,Q
981,5,6
982,1,5
982,2,5
982,3,T
982,4,5
982,5,5
983,1,7
983,2,K
983,3,A
983,4,9
983,5,Q
984,1,7
984,2,2
984,3,7
984,4,A
984,5,7
985,1,8
985,2,9
985,3,3
985,4,J
985,5,3
986,1,4
986,2,5
986,3,2
986,4,J
986,5,5
987,1,K
987,2,6
987,3,9
987,4,6
987,5,9
988,1,5
988,2,J
988,3,5
988,4,2
988,5,8
989,1,7
989,2,7
989,3,4
989,4,9
989,5,8
990,1,6
990,2,J
990,3,8
990,4,6
990,5,K
991,1,J
991,2,9
991,3,3
991,4,7
991,5,3
992,1,K
992,2,Q
992,3,Q
992,4,K
992,5,K
993,1,7
993,2,7
993,3,A
993,4,A
993,5,2
994,1,J
994,2,4
994,3,8
994,4,8
994,5,Q
995,1,6
995,2,3
995,3,8
995,4,8
995,5,5
996,1,T
996,2,9
996,3,4
996,4,K
996,5,3
997,1,A
997,2,A
997,3,4
997,4,J
997,5,A
998,1,7
998,2,Q
998,3,Q
998,4,9
998,5,J
999,1,8
999,2,8
999,3,K
999,4,K
999,5,K
1000,1,4
1000,2,8
1000,3,5
1000,4,Q
1000,5,T
